2025-12-10 12:51:58,070 - INFO - [OracleDB] ‚úÖ Pool de Oracle creado exitosamente.
2025-12-10 12:51:58,071 - INFO - [RabbitMQConsumer] üì° Conexi√≥n no establecida. Conectando...
2025-12-10 12:51:58,072 - INFO - [OracleDB] ‚úÖ Pool de Oracle creado exitosamente.
2025-12-10 12:51:58,073 - INFO - [RabbitMQConsumer] üì° Conexi√≥n no establecida. Conectando...
2025-12-10 12:51:58,154 - INFO - [RabbitMQConsumer] ‚úÖ Conectado a RabbitMQ - Consumer
2025-12-10 12:51:58,156 - INFO - [RabbitMQConsumer] üéß Esperando mensajes...
2025-12-10 12:51:58,158 - INFO - [RabbitMQConsumer] ‚úÖ Conectado a RabbitMQ - Consumer
2025-12-10 12:51:58,160 - INFO - [RabbitMQConsumer] üéß Esperando mensajes...
2025-12-10 12:51:59,701 - INFO - [OracleDB] ‚úÖ Pool de Oracle creado exitosamente.
2025-12-10 12:51:59,701 - INFO - [RabbitMQConsumer] üì° Conexi√≥n no establecida. Conectando...
2025-12-10 12:51:59,737 - INFO - [RabbitMQConsumer] ‚úÖ Conectado a RabbitMQ - Consumer
2025-12-10 12:51:59,739 - INFO - [RabbitMQConsumer] üéß Esperando mensajes...
2025-12-10 12:52:01,044 - INFO - [OracleDB] ‚úÖ Pool de Oracle creado exitosamente.
2025-12-10 12:52:01,044 - INFO - [RabbitMQConsumer] üì° Conexi√≥n no establecida. Conectando...
2025-12-10 12:52:01,096 - INFO - [RabbitMQConsumer] ‚úÖ Conectado a RabbitMQ - Consumer
2025-12-10 12:52:01,098 - INFO - [RabbitMQConsumer] üéß Esperando mensajes...
2025-12-10 12:52:01,303 - INFO - [OracleDB] ‚úÖ Pool de Oracle creado exitosamente.
2025-12-10 12:52:01,303 - INFO - [RabbitMQConsumer] üì° Conexi√≥n no establecida. Conectando...
2025-12-10 12:52:01,331 - INFO - [RabbitMQConsumer] ‚úÖ Conectado a RabbitMQ - Consumer
2025-12-10 12:52:01,332 - INFO - [RabbitMQConsumer] üéß Esperando mensajes...
2025-12-10 12:54:12,794 - INFO - [OracleDB] ‚úÖ Pool de Oracle creado exitosamente.
2025-12-10 12:54:12,795 - INFO - [RabbitMQConsumer] üì° Conexi√≥n no establecida. Conectando...
2025-12-10 12:54:12,829 - INFO - [RabbitMQConsumer] ‚úÖ Conectado a RabbitMQ - Consumer
2025-12-10 12:54:12,831 - INFO - [RabbitMQConsumer] üéß Esperando mensajes...
2025-12-10 12:54:12,917 - INFO - [OracleDB] ‚úÖ Pool de Oracle creado exitosamente.
2025-12-10 12:54:12,917 - INFO - [RabbitMQConsumer] üì° Conexi√≥n no establecida. Conectando...
2025-12-10 12:52:02,739 - INFO - [RabbitMQConsumer] ‚úÖ Conectado a RabbitMQ - Consumer
2025-12-10 12:52:02,740 - INFO - [RabbitMQConsumer] üéß Esperando mensajes...
2025-12-10 12:52:02,761 - INFO - [OracleDB] ‚úÖ Pool de Oracle creado exitosamente.
2025-12-10 12:52:02,761 - INFO - [RabbitMQConsumer] üì° Conexi√≥n no establecida. Conectando...
2025-12-10 12:52:02,794 - INFO - [RabbitMQConsumer] ‚úÖ Conectado a RabbitMQ - Consumer
2025-12-10 12:52:02,796 - INFO - [RabbitMQConsumer] üéß Esperando mensajes...
2025-12-10 12:52:02,915 - INFO - [OracleDB] ‚úÖ Pool de Oracle creado exitosamente.
2025-12-10 12:52:02,915 - INFO - [RabbitMQConsumer] üì° Conexi√≥n no establecida. Conectando...
2025-12-10 12:52:02,935 - INFO - [RabbitMQConsumer] ‚úÖ Conectado a RabbitMQ - Consumer
2025-12-10 12:52:02,936 - INFO - [RabbitMQConsumer] üéß Esperando mensajes...
2025-12-10 12:52:03,162 - INFO - [OracleDB] ‚úÖ Pool de Oracle creado exitosamente.
2025-12-10 12:52:03,162 - INFO - [RabbitMQConsumer] üì° Conexi√≥n no establecida. Conectando...
2025-12-10 12:52:03,176 - INFO - [RabbitMQConsumer] ‚úÖ Conectado a RabbitMQ - Consumer
2025-12-10 12:52:03,177 - INFO - [RabbitMQConsumer] üéß Esperando mensajes...
2025-12-10 12:52:36,301 - INFO - [patcher] patching driver executable /root/.local/share/undetected_chromedriver/undetected_chromedriver
2025-12-10 12:52:37,039 - INFO - [patcher] patching driver executable /root/.local/share/undetected_chromedriver/undetected_chromedriver
2025-12-10 12:52:37,042 - INFO - [patcher] patching driver executable /root/.local/share/undetected_chromedriver/undetected_chromedriver
2025-12-10 12:52:37,074 - INFO - [patcher] patching driver executable /root/.local/share/undetected_chromedriver/undetected_chromedriver
2025-12-10 12:52:37,219 - INFO - [patcher] patching driver executable /root/.local/share/undetected_chromedriver/undetected_chromedriver
2025-12-10 12:52:37,349 - INFO - [patcher] patching driver executable /root/.local/share/undetected_chromedriver/undetected_chromedriver
2025-12-10 12:52:37,366 - INFO - [patcher] patching driver executable /root/.local/share/undetected_chromedriver/undetected_chromedriver
2025-12-10 12:52:37,392 - INFO - [patcher] patching driver executable /root/.local/share/undetected_chromedriver/undetected_chromedriver
2025-12-10 12:52:37,542 - INFO - [patcher] patching driver executable /root/.local/share/undetected_chromedriver/undetected_chromedriver
2025-12-10 12:54:47,933 - INFO - [patcher] patching driver executable /root/.local/share/undetected_chromedriver/undetected_chromedriver
2025-12-10 12:53:05,937 - INFO - [FormScrapper] ‚ÑπÔ∏è No se encontr√≥ el radicado. Se extraer√°n las actuaciones mediante la informaci√≥n del caso.
2025-12-10 12:55:17,961 - ERROR - [GetRecordsService] ‚ö†Ô∏è ERROR en get_records_by_Filters: Message: el select ('id', 'distritoJudicial') no lleg√≥ a 20 opciones

2025-12-10 12:53:10,676 - INFO - [FormScrapper] ‚ÑπÔ∏è No se encontr√≥ el radicado. Se extraer√°n las actuaciones mediante la informaci√≥n del caso.
2025-12-10 12:53:10,842 - INFO - [FormScrapper] ‚ÑπÔ∏è No se encontr√≥ el radicado. Se extraer√°n las actuaciones mediante la informaci√≥n del caso.
2025-12-10 12:53:10,852 - INFO - [FormScrapper] ‚ÑπÔ∏è No se encontr√≥ el radicado. Se extraer√°n las actuaciones mediante la informaci√≥n del caso.
2025-12-10 12:53:11,009 - INFO - [FormScrapper] ‚ÑπÔ∏è No se encontr√≥ el radicado. Se extraer√°n las actuaciones mediante la informaci√≥n del caso.
2025-12-10 12:53:11,830 - INFO - [FormScrapper] ‚ÑπÔ∏è No se encontr√≥ el radicado. Se extraer√°n las actuaciones mediante la informaci√≥n del caso.
2025-12-10 12:53:12,090 - INFO - [FormScrapper] ‚ÑπÔ∏è No se encontr√≥ el radicado. Se extraer√°n las actuaciones mediante la informaci√≥n del caso.
2025-12-10 12:53:12,146 - INFO - [FormScrapper] ‚ÑπÔ∏è No se encontr√≥ el radicado. Se extraer√°n las actuaciones mediante la informaci√≥n del caso.
2025-12-10 12:53:12,214 - INFO - [FormScrapper] ‚ÑπÔ∏è No se encontr√≥ el radicado. Se extraer√°n las actuaciones mediante la informaci√≥n del caso.
2025-12-10 12:55:22,992 - INFO - [FormScrapper] ‚ÑπÔ∏è No se encontr√≥ el radicado. Se extraer√°n las actuaciones mediante la informaci√≥n del caso.
2025-12-10 12:55:23,080 - ERROR - [GetRecordsService] ‚ö†Ô∏è ERROR en get_records_by_Filters: Message: el select ('id', 'distritoJudicial') no lleg√≥ a 20 opciones

2025-12-10 12:55:32,936 - ERROR - [GetRecordsService] ‚ö†Ô∏è ERROR en get_records_by_Filters: Message: el select ('id', 'distritoJudicial') no lleg√≥ a 20 opciones

2025-12-10 12:55:32,954 - ERROR - [GetRecordsService] ‚ö†Ô∏è ERROR en get_records_by_Filters: Message: el select ('id', 'distritoJudicial') no lleg√≥ a 20 opciones

2025-12-10 12:55:37,927 - ERROR - [GetRecordsService] ‚ö†Ô∏è ERROR en get_records_by_Filters: Message: el select ('id', 'distritoJudicial') no lleg√≥ a 20 opciones

2025-12-10 12:55:37,952 - ERROR - [GetRecordsService] ‚ö†Ô∏è ERROR en get_records_by_Filters: Message: el select ('id', 'distritoJudicial') no lleg√≥ a 20 opciones

2025-12-10 12:55:38,273 - ERROR - [GetRecordsService] ‚ö†Ô∏è ERROR en get_records_by_Filters: Message: el select ('id', 'distritoJudicial') no lleg√≥ a 20 opciones

2025-12-10 12:55:38,301 - ERROR - [GetRecordsService] ‚ö†Ô∏è ERROR en get_records_by_Filters: Message: el select ('id', 'distritoJudicial') no lleg√≥ a 20 opciones

2025-12-10 12:55:38,317 - ERROR - [GetRecordsService] ‚ö†Ô∏è ERROR en get_records_by_Filters: Message: el select ('id', 'distritoJudicial') no lleg√≥ a 20 opciones

2025-12-10 12:53:28,312 - ERROR - [FormScrapper] ‚ö†Ô∏è Error en fill_out_form: Message: 
Stacktrace:
#0 0x5ed94686216a <unknown>
#1 0x5ed9462dfc4b <unknown>
#2 0x5ed946331318 <unknown>
#3 0x5ed946331551 <unknown>
#4 0x5ed94637f764 <unknown>
#5 0x5ed94637cbee <unknown>
#6 0x5ed946323c42 <unknown>
#7 0x5ed9463248f1 <unknown>
#8 0x5ed94682af09 <unknown>
#9 0x5ed94682de4d <unknown>
#10 0x5ed946813c51 <unknown>
#11 0x5ed94682ea2b <unknown>
#12 0x5ed9467faa20 <unknown>
#13 0x5ed94684fa78 <unknown>
#14 0x5ed94684fc49 <unknown>
#15 0x5ed9468614c3 <unknown>
#16 0x7a930a484b7b <unknown>
Traceback (most recent call last):
  File "/app/app/application/services/scrapper/FormScrapper.py", line 43, in fill_out_form
    parte_inp = wait.until(EC.presence_of_element_located((By.ID, "parte")))
  File "/usr/local/lib/python3.10/site-packages/selenium/webdriver/support/wait.py", line 122, in until
    raise TimeoutException(message, screen, stacktrace)
selenium.common.exceptions.TimeoutException: Message: 
Stacktrace:
#0 0x5ed94686216a <unknown>
#1 0x5ed9462dfc4b <unknown>
#2 0x5ed946331318 <unknown>
#3 0x5ed946331551 <unknown>
#4 0x5ed94637f764 <unknown>
#5 0x5ed94637cbee <unknown>
#6 0x5ed946323c42 <unknown>
#7 0x5ed9463248f1 <unknown>
#8 0x5ed94682af09 <unknown>
#9 0x5ed94682de4d <unknown>
#10 0x5ed946813c51 <unknown>
#11 0x5ed94682ea2b <unknown>
#12 0x5ed9467faa20 <unknown>
#13 0x5ed94684fa78 <unknown>
#14 0x5ed94684fc49 <unknown>
#15 0x5ed9468614c3 <unknown>
#16 0x7a930a484b7b <unknown>

2025-12-10 12:53:28,318 - WARNING - [CEJScrapperService] ‚ö†Ô∏è No se logro llenar el formulario completo.
2025-12-10 12:53:29,929 - INFO - [patcher] patching driver executable /root/.local/share/undetected_chromedriver/undetected_chromedriver
2025-12-10 12:53:33,257 - ERROR - [FormScrapper] ‚ö†Ô∏è Error en fill_out_form: Message: 
Stacktrace:
#0 0x5df92d13816a <unknown>
#1 0x5df92cbb5c4b <unknown>
#2 0x5df92cc07318 <unknown>
#3 0x5df92cc07551 <unknown>
#4 0x5df92cc55764 <unknown>
#5 0x5df92cc52bee <unknown>
#6 0x5df92cbf9c42 <unknown>
#7 0x5df92cbfa8f1 <unknown>
#8 0x5df92d100f09 <unknown>
#9 0x5df92d103e4d <unknown>
#10 0x5df92d0e9c51 <unknown>
#11 0x5df92d104a2b <unknown>
#12 0x5df92d0d0a20 <unknown>
#13 0x5df92d125a78 <unknown>
#14 0x5df92d125c49 <unknown>
#15 0x5df92d1374c3 <unknown>
#16 0x7d5fa4b7db7b <unknown>
Traceback (most recent call last):
  File "/app/app/application/services/scrapper/FormScrapper.py", line 43, in fill_out_form
    parte_inp = wait.until(EC.presence_of_element_located((By.ID, "parte")))
  File "/usr/local/lib/python3.10/site-packages/selenium/webdriver/support/wait.py", line 122, in until
    raise TimeoutException(message, screen, stacktrace)
selenium.common.exceptions.TimeoutException: Message: 
Stacktrace:
#0 0x5df92d13816a <unknown>
#1 0x5df92cbb5c4b <unknown>
#2 0x5df92cc07318 <unknown>
#3 0x5df92cc07551 <unknown>
#4 0x5df92cc55764 <unknown>
#5 0x5df92cc52bee <unknown>
#6 0x5df92cbf9c42 <unknown>
#7 0x5df92cbfa8f1 <unknown>
#8 0x5df92d100f09 <unknown>
#9 0x5df92d103e4d <unknown>
#10 0x5df92d0e9c51 <unknown>
#11 0x5df92d104a2b <unknown>
#12 0x5df92d0d0a20 <unknown>
#13 0x5df92d125a78 <unknown>
#14 0x5df92d125c49 <unknown>
#15 0x5df92d1374c3 <unknown>
#16 0x7d5fa4b7db7b <unknown>

2025-12-10 12:53:33,258 - WARNING - [CEJScrapperService] ‚ö†Ô∏è No se logro llenar el formulario completo.
2025-12-10 12:53:34,118 - INFO - [FormScrapper] ‚ÑπÔ∏è No se encontr√≥ el radicado. Se extraer√°n las actuaciones mediante la informaci√≥n del caso.
2025-12-10 12:53:35,778 - INFO - [patcher] patching driver executable /root/.local/share/undetected_chromedriver/undetected_chromedriver
2025-12-10 12:55:48,066 - ERROR - [GetRecordsService] ‚ö†Ô∏è ERROR en get_records_by_Filters: Message: el select ('id', 'distritoJudicial') no lleg√≥ a 20 opciones

2025-12-10 12:53:39,775 - INFO - [FormScrapper] ‚ÑπÔ∏è No se encontr√≥ el radicado. Se extraer√°n las actuaciones mediante la informaci√≥n del caso.
2025-12-10 12:53:43,097 - ERROR - [FormScrapper] ‚ö†Ô∏è Error en fill_out_form: Message: 
Stacktrace:
#0 0x6267d9fd416a <unknown>
#1 0x6267d9a51c4b <unknown>
#2 0x6267d9aa3318 <unknown>
#3 0x6267d9aa3551 <unknown>
#4 0x6267d9af1764 <unknown>
#5 0x6267d9aeebee <unknown>
#6 0x6267d9a95c42 <unknown>
#7 0x6267d9a968f1 <unknown>
#8 0x6267d9f9cf09 <unknown>
#9 0x6267d9f9fe4d <unknown>
#10 0x6267d9f85c51 <unknown>
#11 0x6267d9fa0a2b <unknown>
#12 0x6267d9f6ca20 <unknown>
#13 0x6267d9fc1a78 <unknown>
#14 0x6267d9fc1c49 <unknown>
#15 0x6267d9fd34c3 <unknown>
#16 0x7501182c8b7b <unknown>
Traceback (most recent call last):
  File "/app/app/application/services/scrapper/FormScrapper.py", line 43, in fill_out_form
    parte_inp = wait.until(EC.presence_of_element_located((By.ID, "parte")))
  File "/usr/local/lib/python3.10/site-packages/selenium/webdriver/support/wait.py", line 122, in until
    raise TimeoutException(message, screen, stacktrace)
selenium.common.exceptions.TimeoutException: Message: 
Stacktrace:
#0 0x6267d9fd416a <unknown>
#1 0x6267d9a51c4b <unknown>
#2 0x6267d9aa3318 <unknown>
#3 0x6267d9aa3551 <unknown>
#4 0x6267d9af1764 <unknown>
#5 0x6267d9aeebee <unknown>
#6 0x6267d9a95c42 <unknown>
#7 0x6267d9a968f1 <unknown>
#8 0x6267d9f9cf09 <unknown>
#9 0x6267d9f9fe4d <unknown>
#10 0x6267d9f85c51 <unknown>
#11 0x6267d9fa0a2b <unknown>
#12 0x6267d9f6ca20 <unknown>
#13 0x6267d9fc1a78 <unknown>
#14 0x6267d9fc1c49 <unknown>
#15 0x6267d9fd34c3 <unknown>
#16 0x7501182c8b7b <unknown>

2025-12-10 12:53:43,099 - WARNING - [CEJScrapperService] ‚ö†Ô∏è No se logro llenar el formulario completo.
2025-12-10 12:53:43,111 - ERROR - [FormScrapper] ‚ö†Ô∏è Error en fill_out_form: Message: 
Stacktrace:
#0 0x56912a0ff16a <unknown>
#1 0x569129b7cc4b <unknown>
#2 0x569129bce318 <unknown>
#3 0x569129bce551 <unknown>
#4 0x569129c1c764 <unknown>
#5 0x569129c19bee <unknown>
#6 0x569129bc0c42 <unknown>
#7 0x569129bc18f1 <unknown>
#8 0x56912a0c7f09 <unknown>
#9 0x56912a0cae4d <unknown>
#10 0x56912a0b0c51 <unknown>
#11 0x56912a0cba2b <unknown>
#12 0x56912a097a20 <unknown>
#13 0x56912a0eca78 <unknown>
#14 0x56912a0ecc49 <unknown>
#15 0x56912a0fe4c3 <unknown>
#16 0x79c877fc9b7b <unknown>
Traceback (most recent call last):
  File "/app/app/application/services/scrapper/FormScrapper.py", line 43, in fill_out_form
    parte_inp = wait.until(EC.presence_of_element_located((By.ID, "parte")))
  File "/usr/local/lib/python3.10/site-packages/selenium/webdriver/support/wait.py", line 122, in until
    raise TimeoutException(message, screen, stacktrace)
selenium.common.exceptions.TimeoutException: Message: 
Stacktrace:
#0 0x56912a0ff16a <unknown>
#1 0x569129b7cc4b <unknown>
#2 0x569129bce318 <unknown>
#3 0x569129bce551 <unknown>
#4 0x569129c1c764 <unknown>
#5 0x569129c19bee <unknown>
#6 0x569129bc0c42 <unknown>
#7 0x569129bc18f1 <unknown>
#8 0x56912a0c7f09 <unknown>
#9 0x56912a0cae4d <unknown>
#10 0x56912a0b0c51 <unknown>
#11 0x56912a0cba2b <unknown>
#12 0x56912a097a20 <unknown>
#13 0x56912a0eca78 <unknown>
#14 0x56912a0ecc49 <unknown>
#15 0x56912a0fe4c3 <unknown>
#16 0x79c877fc9b7b <unknown>

2025-12-10 12:53:43,112 - WARNING - [CEJScrapperService] ‚ö†Ô∏è No se logro llenar el formulario completo.
2025-12-10 12:53:45,484 - INFO - [patcher] patching driver executable /root/.local/share/undetected_chromedriver/undetected_chromedriver
2025-12-10 12:53:45,899 - INFO - [patcher] patching driver executable /root/.local/share/undetected_chromedriver/undetected_chromedriver
2025-12-10 12:55:58,014 - ERROR - [GetRecordsService] ‚ö†Ô∏è ERROR en get_records_by_Filters: Message: el select ('id', 'distritoJudicial') no lleg√≥ a 20 opciones

2025-12-10 12:53:48,169 - ERROR - [FormScrapper] ‚ö†Ô∏è Error en fill_out_form: Message: 
Stacktrace:
#0 0x58dfe8f8716a <unknown>
#1 0x58dfe8a04c4b <unknown>
#2 0x58dfe8a56318 <unknown>
#3 0x58dfe8a56551 <unknown>
#4 0x58dfe8aa4764 <unknown>
#5 0x58dfe8aa1bee <unknown>
#6 0x58dfe8a48c42 <unknown>
#7 0x58dfe8a498f1 <unknown>
#8 0x58dfe8f4ff09 <unknown>
#9 0x58dfe8f52e4d <unknown>
#10 0x58dfe8f38c51 <unknown>
#11 0x58dfe8f53a2b <unknown>
#12 0x58dfe8f1fa20 <unknown>
#13 0x58dfe8f74a78 <unknown>
#14 0x58dfe8f74c49 <unknown>
#15 0x58dfe8f864c3 <unknown>
#16 0x715b8cdccb7b <unknown>
Traceback (most recent call last):
  File "/app/app/application/services/scrapper/FormScrapper.py", line 43, in fill_out_form
    parte_inp = wait.until(EC.presence_of_element_located((By.ID, "parte")))
  File "/usr/local/lib/python3.10/site-packages/selenium/webdriver/support/wait.py", line 122, in until
    raise TimeoutException(message, screen, stacktrace)
selenium.common.exceptions.TimeoutException: Message: 
Stacktrace:
#0 0x58dfe8f8716a <unknown>
#1 0x58dfe8a04c4b <unknown>
#2 0x58dfe8a56318 <unknown>
#3 0x58dfe8a56551 <unknown>
#4 0x58dfe8aa4764 <unknown>
#5 0x58dfe8aa1bee <unknown>
#6 0x58dfe8a48c42 <unknown>
#7 0x58dfe8a498f1 <unknown>
#8 0x58dfe8f4ff09 <unknown>
#9 0x58dfe8f52e4d <unknown>
#10 0x58dfe8f38c51 <unknown>
#11 0x58dfe8f53a2b <unknown>
#12 0x58dfe8f1fa20 <unknown>
#13 0x58dfe8f74a78 <unknown>
#14 0x58dfe8f74c49 <unknown>
#15 0x58dfe8f864c3 <unknown>
#16 0x715b8cdccb7b <unknown>

2025-12-10 12:53:48,171 - WARNING - [CEJScrapperService] ‚ö†Ô∏è No se logro llenar el formulario completo.
2025-12-10 12:53:48,179 - ERROR - [FormScrapper] ‚ö†Ô∏è Error en fill_out_form: Message: 
Stacktrace:
#0 0x5d574c2fe16a <unknown>
#1 0x5d574bd7bc4b <unknown>
#2 0x5d574bdcd318 <unknown>
#3 0x5d574bdcd551 <unknown>
#4 0x5d574be1b764 <unknown>
#5 0x5d574be18bee <unknown>
#6 0x5d574bdbfc42 <unknown>
#7 0x5d574bdc08f1 <unknown>
#8 0x5d574c2c6f09 <unknown>
#9 0x5d574c2c9e4d <unknown>
#10 0x5d574c2afc51 <unknown>
#11 0x5d574c2caa2b <unknown>
#12 0x5d574c296a20 <unknown>
#13 0x5d574c2eba78 <unknown>
#14 0x5d574c2ebc49 <unknown>
#15 0x5d574c2fd4c3 <unknown>
#16 0x73fd5fa74b7b <unknown>
Traceback (most recent call last):
  File "/app/app/application/services/scrapper/FormScrapper.py", line 43, in fill_out_form
    parte_inp = wait.until(EC.presence_of_element_located((By.ID, "parte")))
  File "/usr/local/lib/python3.10/site-packages/selenium/webdriver/support/wait.py", line 122, in until
    raise TimeoutException(message, screen, stacktrace)
selenium.common.exceptions.TimeoutException: Message: 
Stacktrace:
#0 0x5d574c2fe16a <unknown>
#1 0x5d574bd7bc4b <unknown>
#2 0x5d574bdcd318 <unknown>
#3 0x5d574bdcd551 <unknown>
#4 0x5d574be1b764 <unknown>
#5 0x5d574be18bee <unknown>
#6 0x5d574bdbfc42 <unknown>
#7 0x5d574bdc08f1 <unknown>
#8 0x5d574c2c6f09 <unknown>
#9 0x5d574c2c9e4d <unknown>
#10 0x5d574c2afc51 <unknown>
#11 0x5d574c2caa2b <unknown>
#12 0x5d574c296a20 <unknown>
#13 0x5d574c2eba78 <unknown>
#14 0x5d574c2ebc49 <unknown>
#15 0x5d574c2fd4c3 <unknown>
#16 0x73fd5fa74b7b <unknown>

2025-12-10 12:53:48,182 - WARNING - [CEJScrapperService] ‚ö†Ô∏è No se logro llenar el formulario completo.
2025-12-10 12:53:48,524 - ERROR - [FormScrapper] ‚ö†Ô∏è Error en fill_out_form: Message: 
Stacktrace:
#0 0x5c1459edd16a <unknown>
#1 0x5c145995ac4b <unknown>
#2 0x5c14599ac318 <unknown>
#3 0x5c14599ac551 <unknown>
#4 0x5c14599fa764 <unknown>
#5 0x5c14599f7bee <unknown>
#6 0x5c145999ec42 <unknown>
#7 0x5c145999f8f1 <unknown>
#8 0x5c1459ea5f09 <unknown>
#9 0x5c1459ea8e4d <unknown>
#10 0x5c1459e8ec51 <unknown>
#11 0x5c1459ea9a2b <unknown>
#12 0x5c1459e75a20 <unknown>
#13 0x5c1459ecaa78 <unknown>
#14 0x5c1459ecac49 <unknown>
#15 0x5c1459edc4c3 <unknown>
#16 0x748ae225cb7b <unknown>
Traceback (most recent call last):
  File "/app/app/application/services/scrapper/FormScrapper.py", line 43, in fill_out_form
    parte_inp = wait.until(EC.presence_of_element_located((By.ID, "parte")))
  File "/usr/local/lib/python3.10/site-packages/selenium/webdriver/support/wait.py", line 122, in until
    raise TimeoutException(message, screen, stacktrace)
selenium.common.exceptions.TimeoutException: Message: 
Stacktrace:
#0 0x5c1459edd16a <unknown>
#1 0x5c145995ac4b <unknown>
#2 0x5c14599ac318 <unknown>
#3 0x5c14599ac551 <unknown>
#4 0x5c14599fa764 <unknown>
#5 0x5c14599f7bee <unknown>
#6 0x5c145999ec42 <unknown>
#7 0x5c145999f8f1 <unknown>
#8 0x5c1459ea5f09 <unknown>
#9 0x5c1459ea8e4d <unknown>
#10 0x5c1459e8ec51 <unknown>
#11 0x5c1459ea9a2b <unknown>
#12 0x5c1459e75a20 <unknown>
#13 0x5c1459ecaa78 <unknown>
#14 0x5c1459ecac49 <unknown>
#15 0x5c1459edc4c3 <unknown>
#16 0x748ae225cb7b <unknown>

2025-12-10 12:53:48,528 - WARNING - [CEJScrapperService] ‚ö†Ô∏è No se logro llenar el formulario completo.
2025-12-10 12:53:48,551 - ERROR - [FormScrapper] ‚ö†Ô∏è Error en fill_out_form: Message: 
Stacktrace:
#0 0x5bfce97bc16a <unknown>
#1 0x5bfce9239c4b <unknown>
#2 0x5bfce928b318 <unknown>
#3 0x5bfce928b551 <unknown>
#4 0x5bfce92d9764 <unknown>
#5 0x5bfce92d6bee <unknown>
#6 0x5bfce927dc42 <unknown>
#7 0x5bfce927e8f1 <unknown>
#8 0x5bfce9784f09 <unknown>
#9 0x5bfce9787e4d <unknown>
#10 0x5bfce976dc51 <unknown>
#11 0x5bfce9788a2b <unknown>
#12 0x5bfce9754a20 <unknown>
#13 0x5bfce97a9a78 <unknown>
#14 0x5bfce97a9c49 <unknown>
#15 0x5bfce97bb4c3 <unknown>
#16 0x7bb6afa55b7b <unknown>
Traceback (most recent call last):
  File "/app/app/application/services/scrapper/FormScrapper.py", line 43, in fill_out_form
    parte_inp = wait.until(EC.presence_of_element_located((By.ID, "parte")))
  File "/usr/local/lib/python3.10/site-packages/selenium/webdriver/support/wait.py", line 122, in until
    raise TimeoutException(message, screen, stacktrace)
selenium.common.exceptions.TimeoutException: Message: 
Stacktrace:
#0 0x5bfce97bc16a <unknown>
#1 0x5bfce9239c4b <unknown>
#2 0x5bfce928b318 <unknown>
#3 0x5bfce928b551 <unknown>
#4 0x5bfce92d9764 <unknown>
#5 0x5bfce92d6bee <unknown>
#6 0x5bfce927dc42 <unknown>
#7 0x5bfce927e8f1 <unknown>
#8 0x5bfce9784f09 <unknown>
#9 0x5bfce9787e4d <unknown>
#10 0x5bfce976dc51 <unknown>
#11 0x5bfce9788a2b <unknown>
#12 0x5bfce9754a20 <unknown>
#13 0x5bfce97a9a78 <unknown>
#14 0x5bfce97a9c49 <unknown>
#15 0x5bfce97bb4c3 <unknown>
#16 0x7bb6afa55b7b <unknown>

2025-12-10 12:53:48,560 - WARNING - [CEJScrapperService] ‚ö†Ô∏è No se logro llenar el formulario completo.
2025-12-10 12:53:48,559 - ERROR - [FormScrapper] ‚ö†Ô∏è Error en fill_out_form: Message: 
Stacktrace:
#0 0x563eccbc616a <unknown>
#1 0x563ecc643c4b <unknown>
#2 0x563ecc695318 <unknown>
#3 0x563ecc695551 <unknown>
#4 0x563ecc6e3764 <unknown>
#5 0x563ecc6e0bee <unknown>
#6 0x563ecc687c42 <unknown>
#7 0x563ecc6888f1 <unknown>
#8 0x563eccb8ef09 <unknown>
#9 0x563eccb91e4d <unknown>
#10 0x563eccb77c51 <unknown>
#11 0x563eccb92a2b <unknown>
#12 0x563eccb5ea20 <unknown>
#13 0x563eccbb3a78 <unknown>
#14 0x563eccbb3c49 <unknown>
#15 0x563eccbc54c3 <unknown>
#16 0x7a0c4d12ab7b <unknown>
Traceback (most recent call last):
  File "/app/app/application/services/scrapper/FormScrapper.py", line 43, in fill_out_form
    parte_inp = wait.until(EC.presence_of_element_located((By.ID, "parte")))
  File "/usr/local/lib/python3.10/site-packages/selenium/webdriver/support/wait.py", line 122, in until
    raise TimeoutException(message, screen, stacktrace)
selenium.common.exceptions.TimeoutException: Message: 
Stacktrace:
#0 0x563eccbc616a <unknown>
#1 0x563ecc643c4b <unknown>
#2 0x563ecc695318 <unknown>
#3 0x563ecc695551 <unknown>
#4 0x563ecc6e3764 <unknown>
#5 0x563ecc6e0bee <unknown>
#6 0x563ecc687c42 <unknown>
#7 0x563ecc6888f1 <unknown>
#8 0x563eccb8ef09 <unknown>
#9 0x563eccb91e4d <unknown>
#10 0x563eccb77c51 <unknown>
#11 0x563eccb92a2b <unknown>
#12 0x563eccb5ea20 <unknown>
#13 0x563eccbb3a78 <unknown>
#14 0x563eccbb3c49 <unknown>
#15 0x563eccbc54c3 <unknown>
#16 0x7a0c4d12ab7b <unknown>

2025-12-10 12:53:48,565 - WARNING - [CEJScrapperService] ‚ö†Ô∏è No se logro llenar el formulario completo.
2025-12-10 12:53:50,999 - INFO - [FormScrapper] ‚ÑπÔ∏è No se encontr√≥ el radicado. Se extraer√°n las actuaciones mediante la informaci√≥n del caso.
2025-12-10 12:53:51,720 - INFO - [FormScrapper] ‚ÑπÔ∏è No se encontr√≥ el radicado. Se extraer√°n las actuaciones mediante la informaci√≥n del caso.
2025-12-10 12:56:03,136 - ERROR - [GetRecordsService] ‚ö†Ô∏è ERROR en get_records_by_Filters: Message: el select ('id', 'distritoJudicial') no lleg√≥ a 20 opciones

2025-12-10 12:53:53,453 - INFO - [patcher] patching driver executable /root/.local/share/undetected_chromedriver/undetected_chromedriver
2025-12-10 12:53:55,611 - INFO - [patcher] patching driver executable /root/.local/share/undetected_chromedriver/undetected_chromedriver
2025-12-10 12:53:56,618 - INFO - [patcher] patching driver executable /root/.local/share/undetected_chromedriver/undetected_chromedriver
2025-12-10 12:53:56,849 - INFO - [patcher] patching driver executable /root/.local/share/undetected_chromedriver/undetected_chromedriver
2025-12-10 12:53:57,146 - INFO - [patcher] patching driver executable /root/.local/share/undetected_chromedriver/undetected_chromedriver
2025-12-10 12:56:08,037 - ERROR - [GetRecordsService] ‚ö†Ô∏è ERROR en get_records_by_Filters: Message: el select ('id', 'distritoJudicial') no lleg√≥ a 20 opciones

2025-12-10 12:53:58,387 - ERROR - [FormScrapper] ‚ö†Ô∏è Error en fill_out_form: Message: 
Stacktrace:
#0 0x5f9ad54d016a <unknown>
#1 0x5f9ad4f4dc4b <unknown>
#2 0x5f9ad4f9f318 <unknown>
#3 0x5f9ad4f9f551 <unknown>
#4 0x5f9ad4fed764 <unknown>
#5 0x5f9ad4feabee <unknown>
#6 0x5f9ad4f91c42 <unknown>
#7 0x5f9ad4f928f1 <unknown>
#8 0x5f9ad5498f09 <unknown>
#9 0x5f9ad549be4d <unknown>
#10 0x5f9ad5481c51 <unknown>
#11 0x5f9ad549ca2b <unknown>
#12 0x5f9ad5468a20 <unknown>
#13 0x5f9ad54bda78 <unknown>
#14 0x5f9ad54bdc49 <unknown>
#15 0x5f9ad54cf4c3 <unknown>
#16 0x700134192b7b <unknown>
Traceback (most recent call last):
  File "/app/app/application/services/scrapper/FormScrapper.py", line 43, in fill_out_form
    parte_inp = wait.until(EC.presence_of_element_located((By.ID, "parte")))
  File "/usr/local/lib/python3.10/site-packages/selenium/webdriver/support/wait.py", line 122, in until
    raise TimeoutException(message, screen, stacktrace)
selenium.common.exceptions.TimeoutException: Message: 
Stacktrace:
#0 0x5f9ad54d016a <unknown>
#1 0x5f9ad4f4dc4b <unknown>
#2 0x5f9ad4f9f318 <unknown>
#3 0x5f9ad4f9f551 <unknown>
#4 0x5f9ad4fed764 <unknown>
#5 0x5f9ad4feabee <unknown>
#6 0x5f9ad4f91c42 <unknown>
#7 0x5f9ad4f928f1 <unknown>
#8 0x5f9ad5498f09 <unknown>
#9 0x5f9ad549be4d <unknown>
#10 0x5f9ad5481c51 <unknown>
#11 0x5f9ad549ca2b <unknown>
#12 0x5f9ad5468a20 <unknown>
#13 0x5f9ad54bda78 <unknown>
#14 0x5f9ad54bdc49 <unknown>
#15 0x5f9ad54cf4c3 <unknown>
#16 0x700134192b7b <unknown>

2025-12-10 12:53:58,413 - WARNING - [CEJScrapperService] ‚ö†Ô∏è No se logro llenar el formulario completo.
2025-12-10 12:54:00,092 - ERROR - [GetRecordsService] ‚ö†Ô∏è ERROR en get_records_by_Filters: Message: el select ('id', 'distritoJudicial') no lleg√≥ a 20 opciones

2025-12-10 12:54:04,330 - INFO - [patcher] patching driver executable /root/.local/share/undetected_chromedriver/undetected_chromedriver
2025-12-10 12:54:04,918 - INFO - [FormScrapper] ‚ÑπÔ∏è No se encontr√≥ el radicado. Se extraer√°n las actuaciones mediante la informaci√≥n del caso.
2025-12-10 12:54:07,430 - INFO - [FormScrapper] ‚ÑπÔ∏è No se encontr√≥ el radicado. Se extraer√°n las actuaciones mediante la informaci√≥n del caso.
2025-12-10 12:54:08,111 - INFO - [FormScrapper] ‚ÑπÔ∏è No se encontr√≥ el radicado. Se extraer√°n las actuaciones mediante la informaci√≥n del caso.
2025-12-10 12:54:08,236 - ERROR - [FormScrapper] ‚ö†Ô∏è Error en fill_out_form: Message: 
Stacktrace:
#0 0x62999a97416a <unknown>
#1 0x62999a3f1c4b <unknown>
#2 0x62999a443318 <unknown>
#3 0x62999a443551 <unknown>
#4 0x62999a491764 <unknown>
#5 0x62999a48ebee <unknown>
#6 0x62999a435c42 <unknown>
#7 0x62999a4368f1 <unknown>
#8 0x62999a93cf09 <unknown>
#9 0x62999a93fe4d <unknown>
#10 0x62999a925c51 <unknown>
#11 0x62999a940a2b <unknown>
#12 0x62999a90ca20 <unknown>
#13 0x62999a961a78 <unknown>
#14 0x62999a961c49 <unknown>
#15 0x62999a9734c3 <unknown>
#16 0x70a484a1bb7b <unknown>
Traceback (most recent call last):
  File "/app/app/application/services/scrapper/FormScrapper.py", line 43, in fill_out_form
    parte_inp = wait.until(EC.presence_of_element_located((By.ID, "parte")))
  File "/usr/local/lib/python3.10/site-packages/selenium/webdriver/support/wait.py", line 122, in until
    raise TimeoutException(message, screen, stacktrace)
selenium.common.exceptions.TimeoutException: Message: 
Stacktrace:
#0 0x62999a97416a <unknown>
#1 0x62999a3f1c4b <unknown>
#2 0x62999a443318 <unknown>
#3 0x62999a443551 <unknown>
#4 0x62999a491764 <unknown>
#5 0x62999a48ebee <unknown>
#6 0x62999a435c42 <unknown>
#7 0x62999a4368f1 <unknown>
#8 0x62999a93cf09 <unknown>
#9 0x62999a93fe4d <unknown>
#10 0x62999a925c51 <unknown>
#11 0x62999a940a2b <unknown>
#12 0x62999a90ca20 <unknown>
#13 0x62999a961a78 <unknown>
#14 0x62999a961c49 <unknown>
#15 0x62999a9734c3 <unknown>
#16 0x70a484a1bb7b <unknown>

2025-12-10 12:54:08,238 - WARNING - [CEJScrapperService] ‚ö†Ô∏è No se logro llenar el formulario completo.
2025-12-10 12:54:08,938 - INFO - [FormScrapper] ‚ÑπÔ∏è No se encontr√≥ el radicado. Se extraer√°n las actuaciones mediante la informaci√≥n del caso.
2025-12-10 12:54:10,011 - INFO - [FormScrapper] ‚ÑπÔ∏è No se encontr√≥ el radicado. Se extraer√°n las actuaciones mediante la informaci√≥n del caso.
2025-12-10 12:56:23,159 - ERROR - [GetRecordsService] ‚ö†Ô∏è ERROR en get_records_by_Filters: Message: el select ('id', 'distritoJudicial') no lleg√≥ a 20 opciones

2025-12-10 12:54:13,459 - ERROR - [FormScrapper] ‚ö†Ô∏è Error en fill_out_form: Message: 
Stacktrace:
#0 0x59493741216a <unknown>
#1 0x594936e8fc4b <unknown>
#2 0x594936ee1318 <unknown>
#3 0x594936ee1551 <unknown>
#4 0x594936f2f764 <unknown>
#5 0x594936f2cbee <unknown>
#6 0x594936ed3c42 <unknown>
#7 0x594936ed48f1 <unknown>
#8 0x5949373daf09 <unknown>
#9 0x5949373dde4d <unknown>
#10 0x5949373c3c51 <unknown>
#11 0x5949373dea2b <unknown>
#12 0x5949373aaa20 <unknown>
#13 0x5949373ffa78 <unknown>
#14 0x5949373ffc49 <unknown>
#15 0x5949374114c3 <unknown>
#16 0x71757e05cb7b <unknown>
Traceback (most recent call last):
  File "/app/app/application/services/scrapper/FormScrapper.py", line 43, in fill_out_form
    parte_inp = wait.until(EC.presence_of_element_located((By.ID, "parte")))
  File "/usr/local/lib/python3.10/site-packages/selenium/webdriver/support/wait.py", line 122, in until
    raise TimeoutException(message, screen, stacktrace)
selenium.common.exceptions.TimeoutException: Message: 
Stacktrace:
#0 0x59493741216a <unknown>
#1 0x594936e8fc4b <unknown>
#2 0x594936ee1318 <unknown>
#3 0x594936ee1551 <unknown>
#4 0x594936f2f764 <unknown>
#5 0x594936f2cbee <unknown>
#6 0x594936ed3c42 <unknown>
#7 0x594936ed48f1 <unknown>
#8 0x5949373daf09 <unknown>
#9 0x5949373dde4d <unknown>
#10 0x5949373c3c51 <unknown>
#11 0x5949373dea2b <unknown>
#12 0x5949373aaa20 <unknown>
#13 0x5949373ffa78 <unknown>
#14 0x5949373ffc49 <unknown>
#15 0x5949374114c3 <unknown>
#16 0x71757e05cb7b <unknown>

2025-12-10 12:54:13,474 - WARNING - [CEJScrapperService] ‚ö†Ô∏è No se logro llenar el formulario completo.
2025-12-10 12:54:14,548 - INFO - [patcher] patching driver executable /root/.local/share/undetected_chromedriver/undetected_chromedriver
2025-12-10 12:56:28,092 - ERROR - [GetRecordsService] ‚ö†Ô∏è ERROR en get_records_by_Filters: Message: el select ('id', 'distritoJudicial') no lleg√≥ a 20 opciones

2025-12-10 12:56:28,129 - ERROR - [GetRecordsService] ‚ö†Ô∏è ERROR en get_records_by_Filters: Message: el select ('id', 'distritoJudicial') no lleg√≥ a 20 opciones

2025-12-10 12:56:28,165 - ERROR - [FormScrapper] ‚ö†Ô∏è Error en fill_out_form: Message: 
Stacktrace:
#0 0x6200e2cce16a <unknown>
#1 0x6200e274bc4b <unknown>
#2 0x6200e279d318 <unknown>
#3 0x6200e279d551 <unknown>
#4 0x6200e27eb764 <unknown>
#5 0x6200e27e8bee <unknown>
#6 0x6200e278fc42 <unknown>
#7 0x6200e27908f1 <unknown>
#8 0x6200e2c96f09 <unknown>
#9 0x6200e2c99e4d <unknown>
#10 0x6200e2c7fc51 <unknown>
#11 0x6200e2c9aa2b <unknown>
#12 0x6200e2c66a20 <unknown>
#13 0x6200e2cbba78 <unknown>
#14 0x6200e2cbbc49 <unknown>
#15 0x6200e2ccd4c3 <unknown>
#16 0x7b605d49eb7b <unknown>
Traceback (most recent call last):
  File "/app/app/application/services/scrapper/FormScrapper.py", line 43, in fill_out_form
    parte_inp = wait.until(EC.presence_of_element_located((By.ID, "parte")))
  File "/usr/local/lib/python3.10/site-packages/selenium/webdriver/support/wait.py", line 122, in until
    raise TimeoutException(message, screen, stacktrace)
selenium.common.exceptions.TimeoutException: Message: 
Stacktrace:
#0 0x6200e2cce16a <unknown>
#1 0x6200e274bc4b <unknown>
#2 0x6200e279d318 <unknown>
#3 0x6200e279d551 <unknown>
#4 0x6200e27eb764 <unknown>
#5 0x6200e27e8bee <unknown>
#6 0x6200e278fc42 <unknown>
#7 0x6200e27908f1 <unknown>
#8 0x6200e2c96f09 <unknown>
#9 0x6200e2c99e4d <unknown>
#10 0x6200e2c7fc51 <unknown>
#11 0x6200e2c9aa2b <unknown>
#12 0x6200e2c66a20 <unknown>
#13 0x6200e2cbba78 <unknown>
#14 0x6200e2cbbc49 <unknown>
#15 0x6200e2ccd4c3 <unknown>
#16 0x7b605d49eb7b <unknown>

2025-12-10 12:56:28,166 - WARNING - [CEJScrapperService] ‚ö†Ô∏è No se logro llenar el formulario completo.
2025-12-10 12:56:28,168 - ERROR - [GetRecordsService] ‚ö†Ô∏è ERROR en get_records_by_Filters: Message: el select ('id', 'distritoJudicial') no lleg√≥ a 20 opciones

2025-12-10 12:56:28,218 - ERROR - [GetRecordsService] ‚ö†Ô∏è ERROR en get_records_by_Filters: Message: el select ('id', 'distritoJudicial') no lleg√≥ a 20 opciones

2025-12-10 12:54:18,175 - INFO - [FormScrapper] ‚ÑπÔ∏è No se encontr√≥ el radicado. Se extraer√°n las actuaciones mediante la informaci√≥n del caso.
2025-12-10 12:54:20,392 - ERROR - [FormScrapper] ‚ö†Ô∏è Error en fill_out_form: Message: 
Stacktrace:
#0 0x639681b3316a <unknown>
#1 0x6396815b0c4b <unknown>
#2 0x639681602318 <unknown>
#3 0x639681602551 <unknown>
#4 0x639681650764 <unknown>
#5 0x63968164dbee <unknown>
#6 0x6396815f4c42 <unknown>
#7 0x6396815f58f1 <unknown>
#8 0x639681afbf09 <unknown>
#9 0x639681afee4d <unknown>
#10 0x639681ae4c51 <unknown>
#11 0x639681affa2b <unknown>
#12 0x639681acba20 <unknown>
#13 0x639681b20a78 <unknown>
#14 0x639681b20c49 <unknown>
#15 0x639681b324c3 <unknown>
#16 0x7965ee671b7b <unknown>
Traceback (most recent call last):
  File "/app/app/application/services/scrapper/FormScrapper.py", line 43, in fill_out_form
    parte_inp = wait.until(EC.presence_of_element_located((By.ID, "parte")))
  File "/usr/local/lib/python3.10/site-packages/selenium/webdriver/support/wait.py", line 122, in until
    raise TimeoutException(message, screen, stacktrace)
selenium.common.exceptions.TimeoutException: Message: 
Stacktrace:
#0 0x639681b3316a <unknown>
#1 0x6396815b0c4b <unknown>
#2 0x639681602318 <unknown>
#3 0x639681602551 <unknown>
#4 0x639681650764 <unknown>
#5 0x63968164dbee <unknown>
#6 0x6396815f4c42 <unknown>
#7 0x6396815f58f1 <unknown>
#8 0x639681afbf09 <unknown>
#9 0x639681afee4d <unknown>
#10 0x639681ae4c51 <unknown>
#11 0x639681affa2b <unknown>
#12 0x639681acba20 <unknown>
#13 0x639681b20a78 <unknown>
#14 0x639681b20c49 <unknown>
#15 0x639681b324c3 <unknown>
#16 0x7965ee671b7b <unknown>

2025-12-10 12:54:20,393 - WARNING - [CEJScrapperService] ‚ö†Ô∏è No se logro llenar el formulario completo.
2025-12-10 12:54:24,728 - INFO - [FormScrapper] ‚ÑπÔ∏è No se encontr√≥ el radicado. Se extraer√°n las actuaciones mediante la informaci√≥n del caso.
2025-12-10 12:54:25,181 - INFO - [patcher] patching driver executable /root/.local/share/undetected_chromedriver/undetected_chromedriver
2025-12-10 12:56:38,183 - ERROR - [GetRecordsService] ‚ö†Ô∏è ERROR en get_records_by_Filters: Message: el select ('id', 'distritoJudicial') no lleg√≥ a 20 opciones

2025-12-10 12:54:28,221 - INFO - [patcher] patching driver executable /root/.local/share/undetected_chromedriver/undetected_chromedriver
2025-12-10 12:54:28,676 - INFO - [patcher] patching driver executable /root/.local/share/undetected_chromedriver/undetected_chromedriver
2025-12-10 12:54:32,190 - INFO - [FormScrapper] ‚ÑπÔ∏è No se encontr√≥ el radicado. Se extraer√°n las actuaciones mediante la informaci√≥n del caso.
2025-12-10 12:56:43,181 - ERROR - [FormScrapper] ‚ö†Ô∏è Error en fill_out_form: Message: 
Stacktrace:
#0 0x55fdfcc7916a <unknown>
#1 0x55fdfc6f6c4b <unknown>
#2 0x55fdfc748318 <unknown>
#3 0x55fdfc748551 <unknown>
#4 0x55fdfc796764 <unknown>
#5 0x55fdfc793bee <unknown>
#6 0x55fdfc73ac42 <unknown>
#7 0x55fdfc73b8f1 <unknown>
#8 0x55fdfcc41f09 <unknown>
#9 0x55fdfcc44e4d <unknown>
#10 0x55fdfcc2ac51 <unknown>
#11 0x55fdfcc45a2b <unknown>
#12 0x55fdfcc11a20 <unknown>
#13 0x55fdfcc66a78 <unknown>
#14 0x55fdfcc66c49 <unknown>
#15 0x55fdfcc784c3 <unknown>
#16 0x745bb1365b7b <unknown>
Traceback (most recent call last):
  File "/app/app/application/services/scrapper/FormScrapper.py", line 43, in fill_out_form
    parte_inp = wait.until(EC.presence_of_element_located((By.ID, "parte")))
  File "/usr/local/lib/python3.10/site-packages/selenium/webdriver/support/wait.py", line 122, in until
    raise TimeoutException(message, screen, stacktrace)
selenium.common.exceptions.TimeoutException: Message: 
Stacktrace:
#0 0x55fdfcc7916a <unknown>
#1 0x55fdfc6f6c4b <unknown>
#2 0x55fdfc748318 <unknown>
#3 0x55fdfc748551 <unknown>
#4 0x55fdfc796764 <unknown>
#5 0x55fdfc793bee <unknown>
#6 0x55fdfc73ac42 <unknown>
#7 0x55fdfc73b8f1 <unknown>
#8 0x55fdfcc41f09 <unknown>
#9 0x55fdfcc44e4d <unknown>
#10 0x55fdfcc2ac51 <unknown>
#11 0x55fdfcc45a2b <unknown>
#12 0x55fdfcc11a20 <unknown>
#13 0x55fdfcc66a78 <unknown>
#14 0x55fdfcc66c49 <unknown>
#15 0x55fdfcc784c3 <unknown>
#16 0x745bb1365b7b <unknown>

2025-12-10 12:56:43,183 - WARNING - [CEJScrapperService] ‚ö†Ô∏è No se logro llenar el formulario completo.
2025-12-10 12:56:43,261 - ERROR - [GetRecordsService] ‚ö†Ô∏è ERROR en get_records_by_Filters: Message: el select ('id', 'distritoJudicial') no lleg√≥ a 20 opciones

2025-12-10 12:54:33,664 - INFO - [FormScrapper] ‚ÑπÔ∏è No se encontr√≥ el radicado. Se extraer√°n las actuaciones mediante la informaci√≥n del caso.
2025-12-10 12:54:34,402 - INFO - [FormScrapper] ‚ÑπÔ∏è No se encontr√≥ el radicado. Se extraer√°n las actuaciones mediante la informaci√≥n del caso.
2025-12-10 12:54:35,545 - INFO - [patcher] patching driver executable /root/.local/share/undetected_chromedriver/undetected_chromedriver
2025-12-10 12:56:48,131 - ERROR - [FormScrapper] ‚ö†Ô∏è Error en fill_out_form: Message: 
Stacktrace:
#0 0x64176dcda16a <unknown>
#1 0x64176d757c4b <unknown>
#2 0x64176d7a9318 <unknown>
#3 0x64176d7a9551 <unknown>
#4 0x64176d7f7764 <unknown>
#5 0x64176d7f4bee <unknown>
#6 0x64176d79bc42 <unknown>
#7 0x64176d79c8f1 <unknown>
#8 0x64176dca2f09 <unknown>
#9 0x64176dca5e4d <unknown>
#10 0x64176dc8bc51 <unknown>
#11 0x64176dca6a2b <unknown>
#12 0x64176dc72a20 <unknown>
#13 0x64176dcc7a78 <unknown>
#14 0x64176dcc7c49 <unknown>
#15 0x64176dcd94c3 <unknown>
#16 0x76288a043b7b <unknown>
Traceback (most recent call last):
  File "/app/app/application/services/scrapper/FormScrapper.py", line 43, in fill_out_form
    parte_inp = wait.until(EC.presence_of_element_located((By.ID, "parte")))
  File "/usr/local/lib/python3.10/site-packages/selenium/webdriver/support/wait.py", line 122, in until
    raise TimeoutException(message, screen, stacktrace)
selenium.common.exceptions.TimeoutException: Message: 
Stacktrace:
#0 0x64176dcda16a <unknown>
#1 0x64176d757c4b <unknown>
#2 0x64176d7a9318 <unknown>
#3 0x64176d7a9551 <unknown>
#4 0x64176d7f7764 <unknown>
#5 0x64176d7f4bee <unknown>
#6 0x64176d79bc42 <unknown>
#7 0x64176d79c8f1 <unknown>
#8 0x64176dca2f09 <unknown>
#9 0x64176dca5e4d <unknown>
#10 0x64176dc8bc51 <unknown>
#11 0x64176dca6a2b <unknown>
#12 0x64176dc72a20 <unknown>
#13 0x64176dcc7a78 <unknown>
#14 0x64176dcc7c49 <unknown>
#15 0x64176dcd94c3 <unknown>
#16 0x76288a043b7b <unknown>

2025-12-10 12:56:48,132 - WARNING - [CEJScrapperService] ‚ö†Ô∏è No se logro llenar el formulario completo.
2025-12-10 12:56:48,148 - ERROR - [GetRecordsService] ‚ö†Ô∏è ERROR en get_records_by_Filters: Message: el select ('id', 'distritoJudicial') no lleg√≥ a 20 opciones

2025-12-10 12:56:48,199 - ERROR - [GetRecordsService] ‚ö†Ô∏è ERROR en get_records_by_Filters: Message: el select ('id', 'distritoJudicial') no lleg√≥ a 20 opciones

2025-12-10 12:54:38,287 - ERROR - [FormScrapper] ‚ö†Ô∏è Error en fill_out_form: Message: 
Stacktrace:
#0 0x56ea6af8116a <unknown>
#1 0x56ea6a9fec4b <unknown>
#2 0x56ea6aa50318 <unknown>
#3 0x56ea6aa50551 <unknown>
#4 0x56ea6aa9e764 <unknown>
#5 0x56ea6aa9bbee <unknown>
#6 0x56ea6aa42c42 <unknown>
#7 0x56ea6aa438f1 <unknown>
#8 0x56ea6af49f09 <unknown>
#9 0x56ea6af4ce4d <unknown>
#10 0x56ea6af32c51 <unknown>
#11 0x56ea6af4da2b <unknown>
#12 0x56ea6af19a20 <unknown>
#13 0x56ea6af6ea78 <unknown>
#14 0x56ea6af6ec49 <unknown>
#15 0x56ea6af804c3 <unknown>
#16 0x748892b82b7b <unknown>
Traceback (most recent call last):
  File "/app/app/application/services/scrapper/FormScrapper.py", line 43, in fill_out_form
    parte_inp = wait.until(EC.presence_of_element_located((By.ID, "parte")))
  File "/usr/local/lib/python3.10/site-packages/selenium/webdriver/support/wait.py", line 122, in until
    raise TimeoutException(message, screen, stacktrace)
selenium.common.exceptions.TimeoutException: Message: 
Stacktrace:
#0 0x56ea6af8116a <unknown>
#1 0x56ea6a9fec4b <unknown>
#2 0x56ea6aa50318 <unknown>
#3 0x56ea6aa50551 <unknown>
#4 0x56ea6aa9e764 <unknown>
#5 0x56ea6aa9bbee <unknown>
#6 0x56ea6aa42c42 <unknown>
#7 0x56ea6aa438f1 <unknown>
#8 0x56ea6af49f09 <unknown>
#9 0x56ea6af4ce4d <unknown>
#10 0x56ea6af32c51 <unknown>
#11 0x56ea6af4da2b <unknown>
#12 0x56ea6af19a20 <unknown>
#13 0x56ea6af6ea78 <unknown>
#14 0x56ea6af6ec49 <unknown>
#15 0x56ea6af804c3 <unknown>
#16 0x748892b82b7b <unknown>

2025-12-10 12:54:38,297 - WARNING - [CEJScrapperService] ‚ö†Ô∏è No se logro llenar el formulario completo.
2025-12-10 12:54:38,434 - ERROR - [FormScrapper] ‚ö†Ô∏è Error en fill_out_form: Message: 
Stacktrace:
#0 0x56d9477df16a <unknown>
#1 0x56d94725cc4b <unknown>
#2 0x56d9472ae318 <unknown>
#3 0x56d9472ae551 <unknown>
#4 0x56d9472fc764 <unknown>
#5 0x56d9472f9bee <unknown>
#6 0x56d9472a0c42 <unknown>
#7 0x56d9472a18f1 <unknown>
#8 0x56d9477a7f09 <unknown>
#9 0x56d9477aae4d <unknown>
#10 0x56d947790c51 <unknown>
#11 0x56d9477aba2b <unknown>
#12 0x56d947777a20 <unknown>
#13 0x56d9477cca78 <unknown>
#14 0x56d9477ccc49 <unknown>
#15 0x56d9477de4c3 <unknown>
#16 0x7a7ec832cb7b <unknown>
Traceback (most recent call last):
  File "/app/app/application/services/scrapper/FormScrapper.py", line 43, in fill_out_form
    parte_inp = wait.until(EC.presence_of_element_located((By.ID, "parte")))
  File "/usr/local/lib/python3.10/site-packages/selenium/webdriver/support/wait.py", line 122, in until
    raise TimeoutException(message, screen, stacktrace)
selenium.common.exceptions.TimeoutException: Message: 
Stacktrace:
#0 0x56d9477df16a <unknown>
#1 0x56d94725cc4b <unknown>
#2 0x56d9472ae318 <unknown>
#3 0x56d9472ae551 <unknown>
#4 0x56d9472fc764 <unknown>
#5 0x56d9472f9bee <unknown>
#6 0x56d9472a0c42 <unknown>
#7 0x56d9472a18f1 <unknown>
#8 0x56d9477a7f09 <unknown>
#9 0x56d9477aae4d <unknown>
#10 0x56d947790c51 <unknown>
#11 0x56d9477aba2b <unknown>
#12 0x56d947777a20 <unknown>
#13 0x56d9477cca78 <unknown>
#14 0x56d9477ccc49 <unknown>
#15 0x56d9477de4c3 <unknown>
#16 0x7a7ec832cb7b <unknown>

2025-12-10 12:54:38,436 - WARNING - [CEJScrapperService] ‚ö†Ô∏è No se logro llenar el formulario completo.
2025-12-10 12:54:38,473 - ERROR - [FormScrapper] ‚ö†Ô∏è Error en fill_out_form: Message: 
Stacktrace:
#0 0x5ed56e9ca16a <unknown>
#1 0x5ed56e447c4b <unknown>
#2 0x5ed56e499318 <unknown>
#3 0x5ed56e499551 <unknown>
#4 0x5ed56e4e7764 <unknown>
#5 0x5ed56e4e4bee <unknown>
#6 0x5ed56e48bc42 <unknown>
#7 0x5ed56e48c8f1 <unknown>
#8 0x5ed56e992f09 <unknown>
#9 0x5ed56e995e4d <unknown>
#10 0x5ed56e97bc51 <unknown>
#11 0x5ed56e996a2b <unknown>
#12 0x5ed56e962a20 <unknown>
#13 0x5ed56e9b7a78 <unknown>
#14 0x5ed56e9b7c49 <unknown>
#15 0x5ed56e9c94c3 <unknown>
#16 0x77d20d5dab7b <unknown>
Traceback (most recent call last):
  File "/app/app/application/services/scrapper/FormScrapper.py", line 43, in fill_out_form
    parte_inp = wait.until(EC.presence_of_element_located((By.ID, "parte")))
  File "/usr/local/lib/python3.10/site-packages/selenium/webdriver/support/wait.py", line 122, in until
    raise TimeoutException(message, screen, stacktrace)
selenium.common.exceptions.TimeoutException: Message: 
Stacktrace:
#0 0x5ed56e9ca16a <unknown>
#1 0x5ed56e447c4b <unknown>
#2 0x5ed56e499318 <unknown>
#3 0x5ed56e499551 <unknown>
#4 0x5ed56e4e7764 <unknown>
#5 0x5ed56e4e4bee <unknown>
#6 0x5ed56e48bc42 <unknown>
#7 0x5ed56e48c8f1 <unknown>
#8 0x5ed56e992f09 <unknown>
#9 0x5ed56e995e4d <unknown>
#10 0x5ed56e97bc51 <unknown>
#11 0x5ed56e996a2b <unknown>
#12 0x5ed56e962a20 <unknown>
#13 0x5ed56e9b7a78 <unknown>
#14 0x5ed56e9b7c49 <unknown>
#15 0x5ed56e9c94c3 <unknown>
#16 0x77d20d5dab7b <unknown>

2025-12-10 12:54:38,476 - WARNING - [CEJScrapperService] ‚ö†Ô∏è No se logro llenar el formulario completo.
2025-12-10 12:54:41,203 - INFO - [patcher] patching driver executable /root/.local/share/undetected_chromedriver/undetected_chromedriver
2025-12-10 12:54:42,919 - INFO - [patcher] patching driver executable /root/.local/share/undetected_chromedriver/undetected_chromedriver
2025-12-10 12:54:43,123 - INFO - [patcher] patching driver executable /root/.local/share/undetected_chromedriver/undetected_chromedriver
2025-12-10 12:54:43,369 - INFO - [FormScrapper] ‚ÑπÔ∏è No se encontr√≥ el radicado. Se extraer√°n las actuaciones mediante la informaci√≥n del caso.
2025-12-10 12:54:48,385 - ERROR - [FormScrapper] ‚ö†Ô∏è Error en fill_out_form: Message: 
Stacktrace:
#0 0x5efb6f10716a <unknown>
#1 0x5efb6eb84c4b <unknown>
#2 0x5efb6ebd6318 <unknown>
#3 0x5efb6ebd6551 <unknown>
#4 0x5efb6ec24764 <unknown>
#5 0x5efb6ec21bee <unknown>
#6 0x5efb6ebc8c42 <unknown>
#7 0x5efb6ebc98f1 <unknown>
#8 0x5efb6f0cff09 <unknown>
#9 0x5efb6f0d2e4d <unknown>
#10 0x5efb6f0b8c51 <unknown>
#11 0x5efb6f0d3a2b <unknown>
#12 0x5efb6f09fa20 <unknown>
#13 0x5efb6f0f4a78 <unknown>
#14 0x5efb6f0f4c49 <unknown>
#15 0x5efb6f1064c3 <unknown>
#16 0x7313b2d20b7b <unknown>
Traceback (most recent call last):
  File "/app/app/application/services/scrapper/FormScrapper.py", line 43, in fill_out_form
    parte_inp = wait.until(EC.presence_of_element_located((By.ID, "parte")))
  File "/usr/local/lib/python3.10/site-packages/selenium/webdriver/support/wait.py", line 122, in until
    raise TimeoutException(message, screen, stacktrace)
selenium.common.exceptions.TimeoutException: Message: 
Stacktrace:
#0 0x5efb6f10716a <unknown>
#1 0x5efb6eb84c4b <unknown>
#2 0x5efb6ebd6318 <unknown>
#3 0x5efb6ebd6551 <unknown>
#4 0x5efb6ec24764 <unknown>
#5 0x5efb6ec21bee <unknown>
#6 0x5efb6ebc8c42 <unknown>
#7 0x5efb6ebc98f1 <unknown>
#8 0x5efb6f0cff09 <unknown>
#9 0x5efb6f0d2e4d <unknown>
#10 0x5efb6f0b8c51 <unknown>
#11 0x5efb6f0d3a2b <unknown>
#12 0x5efb6f09fa20 <unknown>
#13 0x5efb6f0f4a78 <unknown>
#14 0x5efb6f0f4c49 <unknown>
#15 0x5efb6f1064c3 <unknown>
#16 0x7313b2d20b7b <unknown>

2025-12-10 12:54:48,387 - WARNING - [CEJScrapperService] ‚ö†Ô∏è No se logro llenar el formulario completo.
2025-12-10 12:54:50,184 - INFO - [FormScrapper] ‚ÑπÔ∏è No se encontr√≥ el radicado. Se extraer√°n las actuaciones mediante la informaci√≥n del caso.
2025-12-10 12:54:51,851 - INFO - [FormScrapper] ‚ÑπÔ∏è No se encontr√≥ el radicado. Se extraer√°n las actuaciones mediante la informaci√≥n del caso.
2025-12-10 12:57:03,206 - ERROR - [GetRecordsService] ‚ö†Ô∏è ERROR en get_records_by_Filters: Message: el select ('id', 'distritoJudicial') no lleg√≥ a 20 opciones

2025-12-10 12:54:53,218 - ERROR - [FormScrapper] ‚ö†Ô∏è Error en fill_out_form: Message: 
Stacktrace:
#0 0x56aeb321a16a <unknown>
#1 0x56aeb2c97c4b <unknown>
#2 0x56aeb2ce9318 <unknown>
#3 0x56aeb2ce9551 <unknown>
#4 0x56aeb2d37764 <unknown>
#5 0x56aeb2d34bee <unknown>
#6 0x56aeb2cdbc42 <unknown>
#7 0x56aeb2cdc8f1 <unknown>
#8 0x56aeb31e2f09 <unknown>
#9 0x56aeb31e5e4d <unknown>
#10 0x56aeb31cbc51 <unknown>
#11 0x56aeb31e6a2b <unknown>
#12 0x56aeb31b2a20 <unknown>
#13 0x56aeb3207a78 <unknown>
#14 0x56aeb3207c49 <unknown>
#15 0x56aeb32194c3 <unknown>
#16 0x7fed8ff70b7b <unknown>
Traceback (most recent call last):
  File "/app/app/application/services/scrapper/FormScrapper.py", line 43, in fill_out_form
    parte_inp = wait.until(EC.presence_of_element_located((By.ID, "parte")))
  File "/usr/local/lib/python3.10/site-packages/selenium/webdriver/support/wait.py", line 122, in until
    raise TimeoutException(message, screen, stacktrace)
selenium.common.exceptions.TimeoutException: Message: 
Stacktrace:
#0 0x56aeb321a16a <unknown>
#1 0x56aeb2c97c4b <unknown>
#2 0x56aeb2ce9318 <unknown>
#3 0x56aeb2ce9551 <unknown>
#4 0x56aeb2d37764 <unknown>
#5 0x56aeb2d34bee <unknown>
#6 0x56aeb2cdbc42 <unknown>
#7 0x56aeb2cdc8f1 <unknown>
#8 0x56aeb31e2f09 <unknown>
#9 0x56aeb31e5e4d <unknown>
#10 0x56aeb31cbc51 <unknown>
#11 0x56aeb31e6a2b <unknown>
#12 0x56aeb31b2a20 <unknown>
#13 0x56aeb3207a78 <unknown>
#14 0x56aeb3207c49 <unknown>
#15 0x56aeb32194c3 <unknown>
#16 0x7fed8ff70b7b <unknown>

2025-12-10 12:54:53,219 - WARNING - [CEJScrapperService] ‚ö†Ô∏è No se logro llenar el formulario completo.
2025-12-10 12:54:53,631 - INFO - [FormScrapper] ‚ÑπÔ∏è No se encontr√≥ el radicado. Se extraer√°n las actuaciones mediante la informaci√≥n del caso.
2025-12-10 12:54:54,030 - ERROR - [GetRecordsService] ‚ö†Ô∏è ERROR en get_records_by_Filters: Message: el select ('id', 'distritoJudicial') no lleg√≥ a 20 opciones

2025-12-10 12:54:54,026 - ERROR - [CEJScrapperService] ‚ùå Error en scrapper: <urlopen error [Errno 104] Connection reset by peer>
Traceback (most recent call last):
  File "/usr/local/lib/python3.10/urllib/request.py", line 1348, in do_open
    h.request(req.get_method(), req.selector, req.data, headers,
  File "/usr/local/lib/python3.10/http/client.py", line 1283, in request
    self._send_request(method, url, body, headers, encode_chunked)
  File "/usr/local/lib/python3.10/http/client.py", line 1329, in _send_request
    self.endheaders(body, encode_chunked=encode_chunked)
  File "/usr/local/lib/python3.10/http/client.py", line 1278, in endheaders
    self._send_output(message_body, encode_chunked=encode_chunked)
  File "/usr/local/lib/python3.10/http/client.py", line 1038, in _send_output
    self.send(msg)
  File "/usr/local/lib/python3.10/http/client.py", line 976, in send
    self.connect()
  File "/usr/local/lib/python3.10/http/client.py", line 1455, in connect
    self.sock = self._context.wrap_socket(self.sock,
  File "/usr/local/lib/python3.10/ssl.py", line 513, in wrap_socket
    return self.sslsocket_class._create(
  File "/usr/local/lib/python3.10/ssl.py", line 1104, in _create
    self.do_handshake()
  File "/usr/local/lib/python3.10/ssl.py", line 1375, in do_handshake
    self._sslobj.do_handshake()
ConnectionResetError: [Errno 104] Connection reset by peer

During handling of the above exception, another exception occurred:

Traceback (most recent call last):
  File "/app/app/application/services/scrapper/CEJScrapperService.py", line 93, in scrapper
    driver = self.crear_driver()
  File "/app/app/application/services/scrapper/CEJScrapperService.py", line 79, in crear_driver
    driver = uc.Chrome(options=opts, version_main=self.CHROME_MAJOR)
  File "/usr/local/lib/python3.10/site-packages/undetected_chromedriver/__init__.py", line 258, in __init__
    self.patcher.auto()
  File "/usr/local/lib/python3.10/site-packages/undetected_chromedriver/patcher.py", line 175, in auto
    release = self.fetch_release_number()
  File "/usr/local/lib/python3.10/site-packages/undetected_chromedriver/patcher.py", line 259, in fetch_release_number
    with urlopen(self.url_repo + path) as conn:
  File "/usr/local/lib/python3.10/urllib/request.py", line 216, in urlopen
    return opener.open(url, data, timeout)
  File "/usr/local/lib/python3.10/urllib/request.py", line 519, in open
    response = self._open(req, data)
  File "/usr/local/lib/python3.10/urllib/request.py", line 536, in _open
    result = self._call_chain(self.handle_open, protocol, protocol +
  File "/usr/local/lib/python3.10/urllib/request.py", line 496, in _call_chain
    result = func(*args)
  File "/usr/local/lib/python3.10/urllib/request.py", line 1391, in https_open
    return self.do_open(http.client.HTTPSConnection, req,
  File "/usr/local/lib/python3.10/urllib/request.py", line 1351, in do_open
    raise URLError(err)
urllib.error.URLError: <urlopen error [Errno 104] Connection reset by peer>
2025-12-10 12:54:56,468 - INFO - [patcher] patching driver executable /root/.local/share/undetected_chromedriver/undetected_chromedriver
2025-12-10 12:54:56,524 - INFO - [patcher] patching driver executable /root/.local/share/undetected_chromedriver/undetected_chromedriver
2025-12-10 12:54:57,897 - ERROR - [FormScrapper] ‚ö†Ô∏è Error en fill_out_form: Message: 
Stacktrace:
#0 0x5c1910ba616a <unknown>
#1 0x5c1910623c4b <unknown>
#2 0x5c1910675318 <unknown>
#3 0x5c1910675551 <unknown>
#4 0x5c19106c3764 <unknown>
#5 0x5c19106c0bee <unknown>
#6 0x5c1910667c42 <unknown>
#7 0x5c19106688f1 <unknown>
#8 0x5c1910b6ef09 <unknown>
#9 0x5c1910b71e4d <unknown>
#10 0x5c1910b57c51 <unknown>
#11 0x5c1910b72a2b <unknown>
#12 0x5c1910b3ea20 <unknown>
#13 0x5c1910b93a78 <unknown>
#14 0x5c1910b93c49 <unknown>
#15 0x5c1910ba54c3 <unknown>
#16 0x7941200ddb7b <unknown>
Traceback (most recent call last):
  File "/app/app/application/services/scrapper/FormScrapper.py", line 43, in fill_out_form
    parte_inp = wait.until(EC.presence_of_element_located((By.ID, "parte")))
  File "/usr/local/lib/python3.10/site-packages/selenium/webdriver/support/wait.py", line 122, in until
    raise TimeoutException(message, screen, stacktrace)
selenium.common.exceptions.TimeoutException: Message: 
Stacktrace:
#0 0x5c1910ba616a <unknown>
#1 0x5c1910623c4b <unknown>
#2 0x5c1910675318 <unknown>
#3 0x5c1910675551 <unknown>
#4 0x5c19106c3764 <unknown>
#5 0x5c19106c0bee <unknown>
#6 0x5c1910667c42 <unknown>
#7 0x5c19106688f1 <unknown>
#8 0x5c1910b6ef09 <unknown>
#9 0x5c1910b71e4d <unknown>
#10 0x5c1910b57c51 <unknown>
#11 0x5c1910b72a2b <unknown>
#12 0x5c1910b3ea20 <unknown>
#13 0x5c1910b93a78 <unknown>
#14 0x5c1910b93c49 <unknown>
#15 0x5c1910ba54c3 <unknown>
#16 0x7941200ddb7b <unknown>

2025-12-10 12:54:57,898 - WARNING - [CEJScrapperService] ‚ö†Ô∏è No se logro llenar el formulario completo.
2025-12-10 12:57:08,159 - ERROR - [GetRecordsService] ‚ö†Ô∏è ERROR en get_records_by_Filters: Message: el select ('id', 'distritoJudicial') no lleg√≥ a 20 opciones

2025-12-10 12:57:08,202 - ERROR - [GetRecordsService] ‚ö†Ô∏è ERROR en get_records_by_Filters: Message: el select ('id', 'distritoJudicial') no lleg√≥ a 20 opciones

2025-12-10 12:54:58,282 - ERROR - [FormScrapper] ‚ö†Ô∏è Error en fill_out_form: Message: 
Stacktrace:
#0 0x58246e5c616a <unknown>
#1 0x58246e043c4b <unknown>
#2 0x58246e095318 <unknown>
#3 0x58246e095551 <unknown>
#4 0x58246e0e3764 <unknown>
#5 0x58246e0e0bee <unknown>
#6 0x58246e087c42 <unknown>
#7 0x58246e0888f1 <unknown>
#8 0x58246e58ef09 <unknown>
#9 0x58246e591e4d <unknown>
#10 0x58246e577c51 <unknown>
#11 0x58246e592a2b <unknown>
#12 0x58246e55ea20 <unknown>
#13 0x58246e5b3a78 <unknown>
#14 0x58246e5b3c49 <unknown>
#15 0x58246e5c54c3 <unknown>
#16 0x7be1bfa65b7b <unknown>
Traceback (most recent call last):
  File "/app/app/application/services/scrapper/FormScrapper.py", line 43, in fill_out_form
    parte_inp = wait.until(EC.presence_of_element_located((By.ID, "parte")))
  File "/usr/local/lib/python3.10/site-packages/selenium/webdriver/support/wait.py", line 122, in until
    raise TimeoutException(message, screen, stacktrace)
selenium.common.exceptions.TimeoutException: Message: 
Stacktrace:
#0 0x58246e5c616a <unknown>
#1 0x58246e043c4b <unknown>
#2 0x58246e095318 <unknown>
#3 0x58246e095551 <unknown>
#4 0x58246e0e3764 <unknown>
#5 0x58246e0e0bee <unknown>
#6 0x58246e087c42 <unknown>
#7 0x58246e0888f1 <unknown>
#8 0x58246e58ef09 <unknown>
#9 0x58246e591e4d <unknown>
#10 0x58246e577c51 <unknown>
#11 0x58246e592a2b <unknown>
#12 0x58246e55ea20 <unknown>
#13 0x58246e5b3a78 <unknown>
#14 0x58246e5b3c49 <unknown>
#15 0x58246e5c54c3 <unknown>
#16 0x7be1bfa65b7b <unknown>

2025-12-10 12:54:58,284 - WARNING - [CEJScrapperService] ‚ö†Ô∏è No se logro llenar el formulario completo.
2025-12-10 12:57:57,877 - INFO - [OracleDB] ‚úÖ Pool de Oracle creado exitosamente.
2025-12-10 12:57:57,878 - INFO - [RabbitMQConsumer] üì° Conexi√≥n no establecida. Conectando...
2025-12-10 12:57:57,895 - INFO - [RabbitMQConsumer] ‚úÖ Conectado a RabbitMQ - Consumer
2025-12-10 12:57:57,896 - INFO - [RabbitMQConsumer] üéß Esperando mensajes...
2025-12-10 12:58:01,917 - INFO - [OracleDB] ‚úÖ Pool de Oracle creado exitosamente.
2025-12-10 12:58:01,917 - INFO - [RabbitMQConsumer] üì° Conexi√≥n no establecida. Conectando...
2025-12-10 12:58:01,939 - INFO - [RabbitMQConsumer] ‚úÖ Conectado a RabbitMQ - Consumer
2025-12-10 12:58:01,941 - INFO - [RabbitMQConsumer] üéß Esperando mensajes...
2025-12-10 12:58:02,247 - INFO - [OracleDB] ‚úÖ Pool de Oracle creado exitosamente.
2025-12-10 12:58:02,247 - INFO - [RabbitMQConsumer] üì° Conexi√≥n no establecida. Conectando...
2025-12-10 12:58:02,297 - INFO - [RabbitMQConsumer] ‚úÖ Conectado a RabbitMQ - Consumer
2025-12-10 12:58:02,301 - INFO - [RabbitMQConsumer] üéß Esperando mensajes...
2025-12-10 12:58:02,758 - INFO - [OracleDB] ‚úÖ Pool de Oracle creado exitosamente.
2025-12-10 12:58:02,758 - INFO - [RabbitMQConsumer] üì° Conexi√≥n no establecida. Conectando...
2025-12-10 12:58:02,789 - INFO - [RabbitMQConsumer] ‚úÖ Conectado a RabbitMQ - Consumer
2025-12-10 12:58:02,791 - INFO - [RabbitMQConsumer] üéß Esperando mensajes...
2025-12-10 12:58:03,286 - INFO - [OracleDB] ‚úÖ Pool de Oracle creado exitosamente.
2025-12-10 12:58:03,287 - INFO - [RabbitMQConsumer] üì° Conexi√≥n no establecida. Conectando...
2025-12-10 12:58:03,294 - INFO - [OracleDB] ‚úÖ Pool de Oracle creado exitosamente.
2025-12-10 12:58:03,294 - INFO - [RabbitMQConsumer] üì° Conexi√≥n no establecida. Conectando...
2025-12-10 12:58:03,301 - INFO - [RabbitMQConsumer] ‚úÖ Conectado a RabbitMQ - Consumer
2025-12-10 12:58:03,302 - INFO - [RabbitMQConsumer] üéß Esperando mensajes...
2025-12-10 12:58:03,308 - INFO - [RabbitMQConsumer] ‚úÖ Conectado a RabbitMQ - Consumer
2025-12-10 12:58:03,309 - INFO - [RabbitMQConsumer] üéß Esperando mensajes...
2025-12-10 12:58:03,511 - INFO - [OracleDB] ‚úÖ Pool de Oracle creado exitosamente.
2025-12-10 12:58:03,511 - INFO - [RabbitMQConsumer] üì° Conexi√≥n no establecida. Conectando...
2025-12-10 12:58:03,526 - INFO - [RabbitMQConsumer] ‚úÖ Conectado a RabbitMQ - Consumer
2025-12-10 12:58:03,527 - INFO - [RabbitMQConsumer] üéß Esperando mensajes...
2025-12-10 12:59:27,963 - INFO - [patcher] patching driver executable /root/.local/share/undetected_chromedriver/undetected_chromedriver
2025-12-10 12:59:29,058 - INFO - [patcher] patching driver executable /root/.local/share/undetected_chromedriver/undetected_chromedriver
2025-12-10 12:59:29,117 - INFO - [patcher] patching driver executable /root/.local/share/undetected_chromedriver/undetected_chromedriver
2025-12-10 12:59:30,710 - INFO - [patcher] patching driver executable /root/.local/share/undetected_chromedriver/undetected_chromedriver
2025-12-10 12:59:30,866 - INFO - [patcher] patching driver executable /root/.local/share/undetected_chromedriver/undetected_chromedriver
2025-12-10 12:59:31,472 - INFO - [patcher] patching driver executable /root/.local/share/undetected_chromedriver/undetected_chromedriver
2025-12-10 12:59:31,504 - INFO - [patcher] patching driver executable /root/.local/share/undetected_chromedriver/undetected_chromedriver
2025-12-10 12:59:37,818 - INFO - [FormScrapper] ‚ÑπÔ∏è No se encontr√≥ el radicado. Se extraer√°n las actuaciones mediante la informaci√≥n del caso.
2025-12-10 12:59:37,975 - INFO - [FormScrapper] ‚ÑπÔ∏è No se encontr√≥ el radicado. Se extraer√°n las actuaciones mediante la informaci√≥n del caso.
2025-12-10 12:59:38,002 - INFO - [FormScrapper] ‚ÑπÔ∏è No se encontr√≥ el radicado. Se extraer√°n las actuaciones mediante la informaci√≥n del caso.
2025-12-10 12:59:41,794 - INFO - [FormScrapper] ‚ÑπÔ∏è No se encontr√≥ el radicado. Se extraer√°n las actuaciones mediante la informaci√≥n del caso.
2025-12-10 12:59:41,858 - INFO - [FormScrapper] ‚ÑπÔ∏è No se encontr√≥ el radicado. Se extraer√°n las actuaciones mediante la informaci√≥n del caso.
2025-12-10 13:01:53,919 - ERROR - [GetRecordsService] ‚ö†Ô∏è ERROR en get_records_by_Filters: Message: el select ('id', 'distritoJudicial') no lleg√≥ a 20 opciones

2025-12-10 12:59:46,317 - INFO - [FormScrapper] ‚ÑπÔ∏è No se encontr√≥ el radicado. Se extraer√°n las actuaciones mediante la informaci√≥n del caso.
2025-12-10 13:01:58,819 - ERROR - [GetRecordsService] ‚ö†Ô∏è ERROR en get_records_by_Filters: Message: el select ('id', 'distritoJudicial') no lleg√≥ a 20 opciones

2025-12-10 13:01:58,831 - ERROR - [GetRecordsService] ‚ö†Ô∏è ERROR en get_records_by_Filters: Message: el select ('id', 'distritoJudicial') no lleg√≥ a 20 opciones

2025-12-10 13:02:03,788 - ERROR - [GetRecordsService] ‚ö†Ô∏è ERROR en get_records_by_Filters: Message: el select ('id', 'distritoJudicial') no lleg√≥ a 20 opciones

2025-12-10 13:02:03,830 - ERROR - [GetRecordsService] ‚ö†Ô∏è ERROR en get_records_by_Filters: Message: el select ('id', 'distritoJudicial') no lleg√≥ a 20 opciones

2025-12-10 12:59:55,233 - INFO - [FormScrapper] ‚ÑπÔ∏è No se encontr√≥ el radicado. Se extraer√°n las actuaciones mediante la informaci√≥n del caso.
2025-12-10 13:00:04,076 - ERROR - [FormScrapper] ‚ö†Ô∏è Error en fill_out_form: Message: 
Stacktrace:
#0 0x5e891778816a <unknown>
#1 0x5e8917205c4b <unknown>
#2 0x5e8917257318 <unknown>
#3 0x5e8917257551 <unknown>
#4 0x5e89172a5764 <unknown>
#5 0x5e89172a2bee <unknown>
#6 0x5e8917249c42 <unknown>
#7 0x5e891724a8f1 <unknown>
#8 0x5e8917750f09 <unknown>
#9 0x5e8917753e4d <unknown>
#10 0x5e8917739c51 <unknown>
#11 0x5e8917754a2b <unknown>
#12 0x5e8917720a20 <unknown>
#13 0x5e8917775a78 <unknown>
#14 0x5e8917775c49 <unknown>
#15 0x5e89177874c3 <unknown>
#16 0x7bbb7eaa0b7b <unknown>
Traceback (most recent call last):
  File "/app/app/application/services/scrapper/FormScrapper.py", line 43, in fill_out_form
    parte_inp = wait.until(EC.presence_of_element_located((By.ID, "parte")))
  File "/usr/local/lib/python3.10/site-packages/selenium/webdriver/support/wait.py", line 122, in until
    raise TimeoutException(message, screen, stacktrace)
selenium.common.exceptions.TimeoutException: Message: 
Stacktrace:
#0 0x5e891778816a <unknown>
#1 0x5e8917205c4b <unknown>
#2 0x5e8917257318 <unknown>
#3 0x5e8917257551 <unknown>
#4 0x5e89172a5764 <unknown>
#5 0x5e89172a2bee <unknown>
#6 0x5e8917249c42 <unknown>
#7 0x5e891724a8f1 <unknown>
#8 0x5e8917750f09 <unknown>
#9 0x5e8917753e4d <unknown>
#10 0x5e8917739c51 <unknown>
#11 0x5e8917754a2b <unknown>
#12 0x5e8917720a20 <unknown>
#13 0x5e8917775a78 <unknown>
#14 0x5e8917775c49 <unknown>
#15 0x5e89177874c3 <unknown>
#16 0x7bbb7eaa0b7b <unknown>

2025-12-10 13:00:04,079 - WARNING - [CEJScrapperService] ‚ö†Ô∏è No se logro llenar el formulario completo.
2025-12-10 13:00:05,602 - INFO - [patcher] patching driver executable /root/.local/share/undetected_chromedriver/undetected_chromedriver
2025-12-10 13:00:06,382 - ERROR - [GetRecordsService] ‚ö†Ô∏è ERROR en get_records_by_Filters: Message: el select ('id', 'distritoJudicial') no lleg√≥ a 20 opciones

2025-12-10 13:00:08,863 - ERROR - [FormScrapper] ‚ö†Ô∏è Error en fill_out_form: Message: 
Stacktrace:
#0 0x6219943b616a <unknown>
#1 0x621993e33c4b <unknown>
#2 0x621993e85318 <unknown>
#3 0x621993e85551 <unknown>
#4 0x621993ed3764 <unknown>
#5 0x621993ed0bee <unknown>
#6 0x621993e77c42 <unknown>
#7 0x621993e788f1 <unknown>
#8 0x62199437ef09 <unknown>
#9 0x621994381e4d <unknown>
#10 0x621994367c51 <unknown>
#11 0x621994382a2b <unknown>
#12 0x62199434ea20 <unknown>
#13 0x6219943a3a78 <unknown>
#14 0x6219943a3c49 <unknown>
#15 0x6219943b54c3 <unknown>
#16 0x7a2482860b7b <unknown>
Traceback (most recent call last):
  File "/app/app/application/services/scrapper/FormScrapper.py", line 43, in fill_out_form
    parte_inp = wait.until(EC.presence_of_element_located((By.ID, "parte")))
  File "/usr/local/lib/python3.10/site-packages/selenium/webdriver/support/wait.py", line 122, in until
    raise TimeoutException(message, screen, stacktrace)
selenium.common.exceptions.TimeoutException: Message: 
Stacktrace:
#0 0x6219943b616a <unknown>
#1 0x621993e33c4b <unknown>
#2 0x621993e85318 <unknown>
#3 0x621993e85551 <unknown>
#4 0x621993ed3764 <unknown>
#5 0x621993ed0bee <unknown>
#6 0x621993e77c42 <unknown>
#7 0x621993e788f1 <unknown>
#8 0x62199437ef09 <unknown>
#9 0x621994381e4d <unknown>
#10 0x621994367c51 <unknown>
#11 0x621994382a2b <unknown>
#12 0x62199434ea20 <unknown>
#13 0x6219943a3a78 <unknown>
#14 0x6219943a3c49 <unknown>
#15 0x6219943b54c3 <unknown>
#16 0x7a2482860b7b <unknown>

2025-12-10 13:00:08,864 - WARNING - [CEJScrapperService] ‚ö†Ô∏è No se logro llenar el formulario completo.
2025-12-10 13:00:08,865 - ERROR - [FormScrapper] ‚ö†Ô∏è Error en fill_out_form: Message: 
Stacktrace:
#0 0x608a4420416a <unknown>
#1 0x608a43c81c4b <unknown>
#2 0x608a43cd3318 <unknown>
#3 0x608a43cd3551 <unknown>
#4 0x608a43d21764 <unknown>
#5 0x608a43d1ebee <unknown>
#6 0x608a43cc5c42 <unknown>
#7 0x608a43cc68f1 <unknown>
#8 0x608a441ccf09 <unknown>
#9 0x608a441cfe4d <unknown>
#10 0x608a441b5c51 <unknown>
#11 0x608a441d0a2b <unknown>
#12 0x608a4419ca20 <unknown>
#13 0x608a441f1a78 <unknown>
#14 0x608a441f1c49 <unknown>
#15 0x608a442034c3 <unknown>
#16 0x7dd4c5354b7b <unknown>
Traceback (most recent call last):
  File "/app/app/application/services/scrapper/FormScrapper.py", line 43, in fill_out_form
    parte_inp = wait.until(EC.presence_of_element_located((By.ID, "parte")))
  File "/usr/local/lib/python3.10/site-packages/selenium/webdriver/support/wait.py", line 122, in until
    raise TimeoutException(message, screen, stacktrace)
selenium.common.exceptions.TimeoutException: Message: 
Stacktrace:
#0 0x608a4420416a <unknown>
#1 0x608a43c81c4b <unknown>
#2 0x608a43cd3318 <unknown>
#3 0x608a43cd3551 <unknown>
#4 0x608a43d21764 <unknown>
#5 0x608a43d1ebee <unknown>
#6 0x608a43cc5c42 <unknown>
#7 0x608a43cc68f1 <unknown>
#8 0x608a441ccf09 <unknown>
#9 0x608a441cfe4d <unknown>
#10 0x608a441b5c51 <unknown>
#11 0x608a441d0a2b <unknown>
#12 0x608a4419ca20 <unknown>
#13 0x608a441f1a78 <unknown>
#14 0x608a441f1c49 <unknown>
#15 0x608a442034c3 <unknown>
#16 0x7dd4c5354b7b <unknown>

2025-12-10 13:00:08,869 - WARNING - [CEJScrapperService] ‚ö†Ô∏è No se logro llenar el formulario completo.
2025-12-10 13:00:09,701 - INFO - [FormScrapper] ‚ÑπÔ∏è No se encontr√≥ el radicado. Se extraer√°n las actuaciones mediante la informaci√≥n del caso.
2025-12-10 13:00:11,973 - INFO - [patcher] patching driver executable /root/.local/share/undetected_chromedriver/undetected_chromedriver
2025-12-10 13:00:12,830 - INFO - [patcher] patching driver executable /root/.local/share/undetected_chromedriver/undetected_chromedriver
2025-12-10 13:02:23,818 - ERROR - [FormScrapper] ‚ö†Ô∏è Error en fill_out_form: Message: 
Stacktrace:
#0 0x5ace4ae8816a <unknown>
#1 0x5ace4a905c4b <unknown>
#2 0x5ace4a957318 <unknown>
#3 0x5ace4a957551 <unknown>
#4 0x5ace4a9a5764 <unknown>
#5 0x5ace4a9a2bee <unknown>
#6 0x5ace4a949c42 <unknown>
#7 0x5ace4a94a8f1 <unknown>
#8 0x5ace4ae50f09 <unknown>
#9 0x5ace4ae53e4d <unknown>
#10 0x5ace4ae39c51 <unknown>
#11 0x5ace4ae54a2b <unknown>
#12 0x5ace4ae20a20 <unknown>
#13 0x5ace4ae75a78 <unknown>
#14 0x5ace4ae75c49 <unknown>
#15 0x5ace4ae874c3 <unknown>
#16 0x79d89415ab7b <unknown>
Traceback (most recent call last):
  File "/app/app/application/services/scrapper/FormScrapper.py", line 43, in fill_out_form
    parte_inp = wait.until(EC.presence_of_element_located((By.ID, "parte")))
  File "/usr/local/lib/python3.10/site-packages/selenium/webdriver/support/wait.py", line 122, in until
    raise TimeoutException(message, screen, stacktrace)
selenium.common.exceptions.TimeoutException: Message: 
Stacktrace:
#0 0x5ace4ae8816a <unknown>
#1 0x5ace4a905c4b <unknown>
#2 0x5ace4a957318 <unknown>
#3 0x5ace4a957551 <unknown>
#4 0x5ace4a9a5764 <unknown>
#5 0x5ace4a9a2bee <unknown>
#6 0x5ace4a949c42 <unknown>
#7 0x5ace4a94a8f1 <unknown>
#8 0x5ace4ae50f09 <unknown>
#9 0x5ace4ae53e4d <unknown>
#10 0x5ace4ae39c51 <unknown>
#11 0x5ace4ae54a2b <unknown>
#12 0x5ace4ae20a20 <unknown>
#13 0x5ace4ae75a78 <unknown>
#14 0x5ace4ae75c49 <unknown>
#15 0x5ace4ae874c3 <unknown>
#16 0x79d89415ab7b <unknown>

2025-12-10 13:02:23,822 - WARNING - [CEJScrapperService] ‚ö†Ô∏è No se logro llenar el formulario completo.
2025-12-10 13:02:23,850 - ERROR - [GetRecordsService] ‚ö†Ô∏è ERROR en get_records_by_Filters: Message: el select ('id', 'distritoJudicial') no lleg√≥ a 20 opciones

2025-12-10 13:02:23,868 - ERROR - [GetRecordsService] ‚ö†Ô∏è ERROR en get_records_by_Filters: Message: el select ('id', 'distritoJudicial') no lleg√≥ a 20 opciones

2025-12-10 13:00:13,969 - ERROR - [FormScrapper] ‚ö†Ô∏è Error en fill_out_form: Message: 
Stacktrace:
#0 0x56b05198116a <unknown>
#1 0x56b0513fec4b <unknown>
#2 0x56b051450318 <unknown>
#3 0x56b051450551 <unknown>
#4 0x56b05149e764 <unknown>
#5 0x56b05149bbee <unknown>
#6 0x56b051442c42 <unknown>
#7 0x56b0514438f1 <unknown>
#8 0x56b051949f09 <unknown>
#9 0x56b05194ce4d <unknown>
#10 0x56b051932c51 <unknown>
#11 0x56b05194da2b <unknown>
#12 0x56b051919a20 <unknown>
#13 0x56b05196ea78 <unknown>
#14 0x56b05196ec49 <unknown>
#15 0x56b0519804c3 <unknown>
#16 0x7a6381440b7b <unknown>
Traceback (most recent call last):
  File "/app/app/application/services/scrapper/FormScrapper.py", line 43, in fill_out_form
    parte_inp = wait.until(EC.presence_of_element_located((By.ID, "parte")))
  File "/usr/local/lib/python3.10/site-packages/selenium/webdriver/support/wait.py", line 122, in until
    raise TimeoutException(message, screen, stacktrace)
selenium.common.exceptions.TimeoutException: Message: 
Stacktrace:
#0 0x56b05198116a <unknown>
#1 0x56b0513fec4b <unknown>
#2 0x56b051450318 <unknown>
#3 0x56b051450551 <unknown>
#4 0x56b05149e764 <unknown>
#5 0x56b05149bbee <unknown>
#6 0x56b051442c42 <unknown>
#7 0x56b0514438f1 <unknown>
#8 0x56b051949f09 <unknown>
#9 0x56b05194ce4d <unknown>
#10 0x56b051932c51 <unknown>
#11 0x56b05194da2b <unknown>
#12 0x56b051919a20 <unknown>
#13 0x56b05196ea78 <unknown>
#14 0x56b05196ec49 <unknown>
#15 0x56b0519804c3 <unknown>
#16 0x7a6381440b7b <unknown>

2025-12-10 13:00:13,975 - WARNING - [CEJScrapperService] ‚ö†Ô∏è No se logro llenar el formulario completo.
2025-12-10 13:00:15,632 - INFO - [patcher] patching driver executable /root/.local/share/undetected_chromedriver/undetected_chromedriver
2025-12-10 13:02:28,929 - INFO - [FormScrapper] ‚ÑπÔ∏è No se encontr√≥ el radicado. Se extraer√°n las actuaciones mediante la informaci√≥n del caso.
2025-12-10 13:00:19,321 - INFO - [FormScrapper] ‚ÑπÔ∏è No se encontr√≥ el radicado. Se extraer√°n las actuaciones mediante la informaci√≥n del caso.
2025-12-10 13:00:19,605 - INFO - [patcher] patching driver executable /root/.local/share/undetected_chromedriver/undetected_chromedriver
2025-12-10 13:02:33,902 - ERROR - [GetRecordsService] ‚ö†Ô∏è ERROR en get_records_by_Filters: Message: el select ('id', 'distritoJudicial') no lleg√≥ a 20 opciones

2025-12-10 13:00:26,566 - ERROR - [FormScrapper] ‚ö†Ô∏è Error en fill_out_form: Message: 
Stacktrace:
#0 0x55d15ffd116a <unknown>
#1 0x55d15fa4ec4b <unknown>
#2 0x55d15faa0318 <unknown>
#3 0x55d15faa0551 <unknown>
#4 0x55d15faee764 <unknown>
#5 0x55d15faebbee <unknown>
#6 0x55d15fa92c42 <unknown>
#7 0x55d15fa938f1 <unknown>
#8 0x55d15ff99f09 <unknown>
#9 0x55d15ff9ce4d <unknown>
#10 0x55d15ff82c51 <unknown>
#11 0x55d15ff9da2b <unknown>
#12 0x55d15ff69a20 <unknown>
#13 0x55d15ffbea78 <unknown>
#14 0x55d15ffbec49 <unknown>
#15 0x55d15ffd04c3 <unknown>
#16 0x76a213a0fb7b <unknown>
Traceback (most recent call last):
  File "/app/app/application/services/scrapper/FormScrapper.py", line 43, in fill_out_form
    parte_inp = wait.until(EC.presence_of_element_located((By.ID, "parte")))
  File "/usr/local/lib/python3.10/site-packages/selenium/webdriver/support/wait.py", line 122, in until
    raise TimeoutException(message, screen, stacktrace)
selenium.common.exceptions.TimeoutException: Message: 
Stacktrace:
#0 0x55d15ffd116a <unknown>
#1 0x55d15fa4ec4b <unknown>
#2 0x55d15faa0318 <unknown>
#3 0x55d15faa0551 <unknown>
#4 0x55d15faee764 <unknown>
#5 0x55d15faebbee <unknown>
#6 0x55d15fa92c42 <unknown>
#7 0x55d15fa938f1 <unknown>
#8 0x55d15ff99f09 <unknown>
#9 0x55d15ff9ce4d <unknown>
#10 0x55d15ff82c51 <unknown>
#11 0x55d15ff9da2b <unknown>
#12 0x55d15ff69a20 <unknown>
#13 0x55d15ffbea78 <unknown>
#14 0x55d15ffbec49 <unknown>
#15 0x55d15ffd04c3 <unknown>
#16 0x76a213a0fb7b <unknown>

2025-12-10 13:00:26,568 - WARNING - [CEJScrapperService] ‚ö†Ô∏è No se logro llenar el formulario completo.
2025-12-10 13:00:26,873 - INFO - [FormScrapper] ‚ÑπÔ∏è No se encontr√≥ el radicado. Se extraer√°n las actuaciones mediante la informaci√≥n del caso.
2025-12-10 13:00:27,064 - INFO - [FormScrapper] ‚ÑπÔ∏è No se encontr√≥ el radicado. Se extraer√°n las actuaciones mediante la informaci√≥n del caso.
2025-12-10 13:02:38,865 - ERROR - [GetRecordsService] ‚ö†Ô∏è ERROR en get_records_by_Filters: Message: el select ('id', 'distritoJudicial') no lleg√≥ a 20 opciones

2025-12-10 13:00:29,292 - INFO - [patcher] patching driver executable /root/.local/share/undetected_chromedriver/undetected_chromedriver
2025-12-10 13:02:51,165 - INFO - [OracleDB] ‚úÖ Pool de Oracle creado exitosamente.
2025-12-10 13:02:51,166 - INFO - [RabbitMQConsumer] üì° Conexi√≥n no establecida. Conectando...
2025-12-10 13:02:51,258 - INFO - [RabbitMQConsumer] ‚úÖ Conectado a RabbitMQ - Consumer
2025-12-10 13:02:51,263 - INFO - [RabbitMQConsumer] üéß Esperando mensajes...
2025-12-10 13:02:51,795 - INFO - [OracleDB] ‚úÖ Pool de Oracle creado exitosamente.
2025-12-10 13:02:51,796 - INFO - [RabbitMQConsumer] üì° Conexi√≥n no establecida. Conectando...
2025-12-10 13:02:51,830 - INFO - [RabbitMQConsumer] ‚úÖ Conectado a RabbitMQ - Consumer
2025-12-10 13:02:51,832 - INFO - [RabbitMQConsumer] üéß Esperando mensajes...
2025-12-10 13:02:52,064 - INFO - [OracleDB] ‚úÖ Pool de Oracle creado exitosamente.
2025-12-10 13:02:52,064 - INFO - [RabbitMQConsumer] üì° Conexi√≥n no establecida. Conectando...
2025-12-10 13:02:52,096 - INFO - [OracleDB] ‚úÖ Pool de Oracle creado exitosamente.
2025-12-10 13:02:52,096 - INFO - [RabbitMQConsumer] üì° Conexi√≥n no establecida. Conectando...
2025-12-10 13:02:52,119 - INFO - [OracleDB] ‚úÖ Pool de Oracle creado exitosamente.
2025-12-10 13:02:52,120 - INFO - [RabbitMQConsumer] üì° Conexi√≥n no establecida. Conectando...
2025-12-10 13:02:52,131 - INFO - [RabbitMQConsumer] ‚úÖ Conectado a RabbitMQ - Consumer
2025-12-10 13:02:52,135 - INFO - [RabbitMQConsumer] üéß Esperando mensajes...
2025-12-10 13:02:52,153 - INFO - [RabbitMQConsumer] ‚úÖ Conectado a RabbitMQ - Consumer
2025-12-10 13:02:52,159 - INFO - [RabbitMQConsumer] üéß Esperando mensajes...
2025-12-10 13:02:52,191 - INFO - [RabbitMQConsumer] ‚úÖ Conectado a RabbitMQ - Consumer
2025-12-10 13:02:52,197 - INFO - [RabbitMQConsumer] üéß Esperando mensajes...
2025-12-10 13:02:52,364 - INFO - [OracleDB] ‚úÖ Pool de Oracle creado exitosamente.
2025-12-10 13:02:52,364 - INFO - [RabbitMQConsumer] üì° Conexi√≥n no establecida. Conectando...
2025-12-10 13:02:52,392 - INFO - [RabbitMQConsumer] ‚úÖ Conectado a RabbitMQ - Consumer
2025-12-10 13:02:52,394 - INFO - [RabbitMQConsumer] üéß Esperando mensajes...
2025-12-10 13:02:52,886 - INFO - [OracleDB] ‚úÖ Pool de Oracle creado exitosamente.
2025-12-10 13:02:52,886 - INFO - [RabbitMQConsumer] üì° Conexi√≥n no establecida. Conectando...
2025-12-10 13:02:52,924 - INFO - [RabbitMQConsumer] ‚úÖ Conectado a RabbitMQ - Consumer
2025-12-10 13:02:52,927 - INFO - [RabbitMQConsumer] üéß Esperando mensajes...
2025-12-10 13:02:56,411 - INFO - [patcher] patching driver executable /root/.local/share/undetected_chromedriver/undetected_chromedriver
2025-12-10 13:02:58,770 - INFO - [patcher] patching driver executable /root/.local/share/undetected_chromedriver/undetected_chromedriver
2025-12-10 13:02:58,843 - INFO - [patcher] patching driver executable /root/.local/share/undetected_chromedriver/undetected_chromedriver
2025-12-10 13:03:00,186 - INFO - [patcher] patching driver executable /root/.local/share/undetected_chromedriver/undetected_chromedriver
2025-12-10 13:03:00,189 - INFO - [patcher] patching driver executable /root/.local/share/undetected_chromedriver/undetected_chromedriver
2025-12-10 13:03:00,275 - INFO - [patcher] patching driver executable /root/.local/share/undetected_chromedriver/undetected_chromedriver
2025-12-10 13:03:00,457 - INFO - [patcher] patching driver executable /root/.local/share/undetected_chromedriver/undetected_chromedriver
2025-12-10 13:03:04,402 - INFO - [FormScrapper] ‚úÖ Se encontr√≥ el radicado. Se extraer√°n las actuaciones mediante el filtro por radicado.
2025-12-10 13:03:06,238 - INFO - [FormScrapper] ‚úÖ Se encontr√≥ el radicado. Se extraer√°n las actuaciones mediante el filtro por radicado.
2025-12-10 13:03:09,216 - INFO - [FormScrapper] ‚úÖ Se encontr√≥ el radicado. Se extraer√°n las actuaciones mediante el filtro por radicado.
2025-12-10 13:03:15,825 - INFO - [FormScrapper] ‚úÖ Se encontr√≥ el radicado. Se extraer√°n las actuaciones mediante el filtro por radicado.
2025-12-10 13:03:15,937 - INFO - [FormScrapper] ‚úÖ Se encontr√≥ el radicado. Se extraer√°n las actuaciones mediante el filtro por radicado.
2025-12-10 13:03:18,060 - INFO - [FormScrapper] ‚úÖ Se encontr√≥ el radicado. Se extraer√°n las actuaciones mediante el filtro por radicado.
2025-12-10 13:05:30,662 - INFO - [FormScrapper] ‚úÖ Se encontr√≥ el radicado. Se extraer√°n las actuaciones mediante el filtro por radicado.
